id,gene,cell,cellfile,method,nsnp,b,se,CIlower,CIupper,pval,intercept,intercept_se,inter_CIlower,inter_CIupper,intercept_pval,hetero_Q,hetero_pvale,fdr,outcome,outcome_id,SNP,chr,pos,beta.exposure,se.exposure,pval.exposure,effect_allele.exposure,other_allele.exposure,PP.H4.abf
"IREB2_Monocyte, classical",IREB2,"Monocyte, classical","Monocyte, classical.txt",Wald_ratio,1,-0.191570132,0.030240165,NA,NA,2.37E-10,NA,NA,NA,NA,NA,NA,NA,8.34E-07,lung cancer,ieu-a-965,rs11637656,15,78751961,-0.801252253,0.122717772,6.38E-11,T,C,0.971564976
"IREB2_T cell, CD4, TH2",IREB2,"T cell, CD4, TH2","T cell, CD4, TH2.txt",Wald_ratio,1,-0.211483345,0.033237587,NA,NA,1.98E-10,NA,NA,NA,NA,NA,NA,NA,8.34E-07,lung cancer,ieu-a-965,rs1964678,15,78754000,-0.72857274,0.125553049,6.34E-09,G,A,0.963641958
"IREB2_T cell, CD4, TH17",IREB2,"T cell, CD4, TH17","T cell, CD4, TH17.txt",Wald_ratio,1,-0.198650597,0.03122074,NA,NA,1.98E-10,NA,NA,NA,NA,NA,NA,NA,8.34E-07,lung cancer,ieu-a-965,rs1964678,15,78754000,-0.775638244,0.126839144,9.36E-10,G,A,0.961980012
"IREB2_T cell, CD4, TH1 TH17",IREB2,"T cell, CD4, TH1 TH17","T cell, CD4, TH1 TH17.txt",Wald_ratio,1,-0.191807589,0.030327514,NA,NA,2.54E-10,NA,NA,NA,NA,NA,NA,NA,8.34E-07,lung cancer,ieu-a-965,rs4362358,15,78796104,-0.803758606,0.126707589,2.24E-10,T,C,0.030084933
"IREB2_B cell, naive",IREB2,"B cell, naive",B_CELL_NAIVE.txt,Wald_ratio,1,-0.218045098,0.03385494,NA,NA,1.19E-10,NA,NA,NA,NA,NA,NA,NA,8.34E-07,lung cancer,ieu-a-965,rs4887057,15,78760918,0.71147667,0.127287508,2.22E-08,A,G,0.318073311
"CHRNA5_Monocyte, classical",CHRNA5,"Monocyte, classical","Monocyte, classical.txt",Wald_ratio,1,-0.159218665,0.029482819,NA,NA,6.65E-08,NA,NA,NA,NA,NA,NA,NA,0.000181858,lung cancer,ieu-a-965,rs880395,15,78844356,-0.83916669,0.153896124,4.86E-08,G,A,0.971565716
"AGAP7_T cell, CD4, TH1 TH17",AGAP7,"T cell, CD4, TH1 TH17","T cell, CD4, TH1 TH17.txt",Wald_ratio,1,-0.001500776,0.000221867,NA,NA,1.34E-11,NA,NA,NA,NA,NA,NA,NA,7.51E-08,prostate cancer,ukb-b-2160,rs11004584,10,51500088,0.803757531,0.142544441,1.71E-08,T,G,0.249169499
"NCOA4_T cell, CD4, TH1 TH17",NCOA4,"T cell, CD4, TH1 TH17","T cell, CD4, TH1 TH17.txt",Wald_ratio,1,-0.001469463,0.000217438,NA,NA,1.40E-11,NA,NA,NA,NA,NA,NA,NA,7.51E-08,prostate cancer,ukb-b-2160,rs2611502,10,51500301,0.820190733,0.148880376,0.000000036,G,A,0.249169499
"NCOA4_T cell, CD4, TH17",NCOA4,"T cell, CD4, TH17","T cell, CD4, TH17.txt",Wald_ratio,1,-0.001387989,0.000204606,NA,NA,1.17E-11,NA,NA,NA,NA,NA,NA,NA,7.51E-08,prostate cancer,ukb-b-2160,rs57858801,10,51502574,-0.871332713,0.149193512,5.09E-09,T,A,0.462837193
"GGCX_B cell, naive",GGCX,"B cell, naive",B_CELL_NAIVE.txt,Wald_ratio,1,-0.000847837,0.000174002,NA,NA,1.10E-06,NA,NA,NA,NA,NA,NA,NA,0.004436098,prostate cancer,ukb-b-2160,rs11891260,2,85796101,1.0243947,0.148455278,5.02E-12,C,G,0.848076167
"GGCX_T cell, CD4, naive activated",GGCX,"T cell, CD4, naive activated","T cell, CD4, naive activated.txt",Wald_ratio,1,-0.000797062,0.00016917,NA,NA,2.46E-06,NA,NA,NA,NA,NA,NA,NA,0.00494874,prostate cancer,ukb-b-2160,rs7568458,2,85788175,1.056622969,0.144761446,2.79E-13,A,T,0.693720155
"GGCX_T cell, CD4, TFH",GGCX,"T cell, CD4, TFH","T cell, CD4, TFH.txt",Wald_ratio,1,-0.000819589,0.000173951,NA,NA,2.46E-06,NA,NA,NA,NA,NA,NA,NA,0.00494874,prostate cancer,ukb-b-2160,rs7568458,2,85788175,1.027581047,0.142222219,4.82E-13,A,T,0.759967123
"GGCX_Monocyte, classical",GGCX,"Monocyte, classical","Monocyte, classical.txt",Wald_ratio,1,-0.001043354,0.000221444,NA,NA,2.46E-06,NA,NA,NA,NA,NA,NA,NA,0.00494874,prostate cancer,ukb-b-2160,rs7568458,2,85788175,0.807198665,0.146841155,3.78E-08,A,T,0.000106709
"GGCX_T cell, CD8, naive",GGCX,"T cell, CD8, naive","T cell, CD8, naive.txt",Wald_ratio,1,-0.000851119,0.000180643,NA,NA,2.46E-06,NA,NA,NA,NA,NA,NA,NA,0.00494874,prostate cancer,ukb-b-2160,rs7568458,2,85788175,0.989513665,0.147316142,1.85E-11,A,T,0.720070553
"GGCX_T cell, CD4, TH1 TH17",GGCX,"T cell, CD4, TH1 TH17","T cell, CD4, TH1 TH17.txt",Wald_ratio,1,-0.000680993,0.000148878,NA,NA,4.78E-06,NA,NA,NA,NA,NA,NA,NA,0.005501198,prostate cancer,ukb-b-2160,rs1446668,2,85764960,1.200135345,0.155398961,1.13E-14,T,G,0.732541201
"GGCX_NK cell, CD56dim CD16+",GGCX,"NK cell, CD56dim CD16+","NK cell, CD56dim CD16+.txt",Wald_ratio,1,-0.000893544,0.000195346,NA,NA,4.78E-06,NA,NA,NA,NA,NA,NA,NA,0.005501198,prostate cancer,ukb-b-2160,rs1446668,2,85764960,0.914654546,0.160113889,1.09E-08,T,G,0.173966742
"GGCX_T cell, CD4, memory TREG",GGCX,"T cell, CD4, memory TREG","T cell, CD4, memory TREG.txt",Wald_ratio,1,-0.000679832,0.000148624,NA,NA,4.78E-06,NA,NA,NA,NA,NA,NA,NA,0.005501198,prostate cancer,ukb-b-2160,rs1446668,2,85764960,1.202186004,0.149599591,7.95E-16,T,G,0.823957461
"GGCX_T cell, CD4, TH17",GGCX,"T cell, CD4, TH17","T cell, CD4, TH17.txt",Wald_ratio,1,-0.00068148,0.000148985,NA,NA,4.78E-06,NA,NA,NA,NA,NA,NA,NA,0.005501198,prostate cancer,ukb-b-2160,rs1446668,2,85764960,1.199277205,0.152637302,3.73E-15,T,G,0.812733522
"GGCX_T cell, CD4, naive TREG",GGCX,"T cell, CD4, naive TREG","T cell, CD4, naive TREG.txt",Wald_ratio,1,-0.00071252,0.000155771,NA,NA,4.78E-06,NA,NA,NA,NA,NA,NA,NA,0.005501198,prostate cancer,ukb-b-2160,rs1446668,2,85764960,1.147032266,0.155918459,1.82E-13,T,G,0.761106939
"GGCX_T cell, CD4, TH1",GGCX,"T cell, CD4, TH1","T cell, CD4, TH1.txt",Wald_ratio,1,-0.000711219,0.000153463,NA,NA,3.58E-06,NA,NA,NA,NA,NA,NA,NA,0.005501198,prostate cancer,ukb-b-2160,rs6731005,2,85760395,1.160606061,0.159048474,2.84E-13,T,C,0.826758756
"PSORS1C3_B cell, naive",PSORS1C3,"B cell, naive",B_CELL_NAIVE.txt,Wald_ratio,1,0.001056841,0.000236442,NA,NA,7.83E-06,NA,NA,NA,NA,NA,NA,NA,0.008409045,prostate cancer,ukb-b-2160,rs11966319,6,31229678,1.131447492,0.18437937,8.26E-10,T,C,6.42E-05
"GGCX_T cell, CD4, naive",GGCX,"T cell, CD4, naive","T cell, CD4, naive.txt",Wald_ratio,1,-0.00067621,0.000153016,NA,NA,9.91E-06,NA,NA,NA,NA,NA,NA,NA,0.009386616,prostate cancer,ukb-b-2160,rs6705839,2,85761279,1.181208868,0.00001,7.17E-17,T,A,0.731828814
"GGCX_T cell, CD4, TH2",GGCX,"T cell, CD4, TH2","T cell, CD4, TH2.txt",Wald_ratio,1,-0.000710855,0.000160856,NA,NA,9.91E-06,NA,NA,NA,NA,NA,NA,NA,0.009386616,prostate cancer,ukb-b-2160,rs6705839,2,85761279,1.123640232,0.146583476,1.72E-14,T,A,0.79213328
"SEPTIN2 _B cell, naive",SEPTIN2 ,"B cell, naive",B_CELL_NAIVE.txt,Wald_ratio,1,-0.000963245,0.00022211,NA,NA,1.45E-05,NA,NA,NA,NA,NA,NA,NA,0.012937652,prostate cancer,ukb-b-2160,rs62186421,2,242248772,0.82450233,0.132287582,4.45E-10,C,T,0.250565261
"GGCX_T cell, CD8, naive activated",GGCX,"T cell, CD8, naive activated","T cell, CD8, naive activated.txt",Wald_ratio,1,-0.000698261,0.000165063,NA,NA,2.33E-05,NA,NA,NA,NA,NA,NA,NA,0.019788181,prostate cancer,ukb-b-2160,rs35215812,2,85792384,1.090469447,0.136170287,1.15E-15,A,G,0.395259755
"SKIV2L_T cell, CD4, TH17",SKIV2L,"T cell, CD4, TH17","T cell, CD4, TH17.txt",Wald_ratio,1,-0.178938793,0.031288882,NA,NA,1.07E-08,NA,NA,NA,NA,NA,NA,NA,2.30E-05,squamous cell lung cancer,ieu-a-967,rs387608,6,31941557,1.119790718,0.173492234,1.06E-10,A,G,0.106974026
"SKIV2L_T cell, CD4, naive",SKIV2L,"T cell, CD4, naive","T cell, CD4, naive.txt",Wald_ratio,1,-0.170163853,0.029754514,NA,NA,1.07E-08,NA,NA,NA,NA,NA,NA,NA,2.30E-05,squamous cell lung cancer,ieu-a-967,rs387608,6,31941557,1.177535631,0.170734119,5.30E-12,A,G,0.997139491
"SKIV2L_B cell, naive",SKIV2L,"B cell, naive",B_CELL_NAIVE.txt,Wald_ratio,1,-0.198876125,0.034775085,NA,NA,1.07E-08,NA,NA,NA,NA,NA,NA,NA,2.30E-05,squamous cell lung cancer,ieu-a-967,rs387608,6,31941557,1.007531698,0.175491062,9.22E-09,A,G,0.942843458
"SKIV2L_T cell, CD4, memory TREG",SKIV2L,"T cell, CD4, memory TREG","T cell, CD4, memory TREG.txt",Wald_ratio,1,-0.181193573,0.032102374,NA,NA,1.66E-08,NA,NA,NA,NA,NA,NA,NA,2.30E-05,squamous cell lung cancer,ieu-a-967,rs444921,6,31932177,1.126116103,0.171070668,4.50E-11,T,C,0.002979733
"SKIV2L_T cell, CD4, TH2",SKIV2L,"T cell, CD4, TH2","T cell, CD4, TH2.txt",Wald_ratio,1,-0.16256265,0.028801501,NA,NA,1.66E-08,NA,NA,NA,NA,NA,NA,NA,2.30E-05,squamous cell lung cancer,ieu-a-967,rs444921,6,31932177,1.255177618,0.165958401,3.79E-14,T,C,0.9956348
"SKIV2L_T cell, CD4, TH1",SKIV2L,"T cell, CD4, TH1","T cell, CD4, TH1.txt",Wald_ratio,1,-0.163444874,0.028957806,NA,NA,1.66E-08,NA,NA,NA,NA,NA,NA,NA,2.30E-05,squamous cell lung cancer,ieu-a-967,rs444921,6,31932177,1.248402569,0.183812451,1.08E-11,T,C,0.974632363
"SKIV2L_T cell, CD4, TFH",SKIV2L,"T cell, CD4, TFH","T cell, CD4, TFH.txt",Wald_ratio,1,-0.169777481,0.030079765,NA,NA,1.66E-08,NA,NA,NA,NA,NA,NA,NA,2.30E-05,squamous cell lung cancer,ieu-a-967,rs444921,6,31932177,1.201837831,0.168989261,1.11E-12,T,C,0.974582053
"SKIV2L_T cell, CD8, naive",SKIV2L,"T cell, CD8, naive","T cell, CD8, naive.txt",Wald_ratio,1,-0.187891902,0.033289128,NA,NA,1.66E-08,NA,NA,NA,NA,NA,NA,NA,2.30E-05,squamous cell lung cancer,ieu-a-967,rs444921,6,31932177,1.085970164,0.175518437,6.11E-10,T,C,0.976327562
"SKIV2L_Monocyte, classical",SKIV2L,"Monocyte, classical","Monocyte, classical.txt",Wald_ratio,1,-0.213698751,0.037861372,NA,NA,1.66E-08,NA,NA,NA,NA,NA,NA,NA,2.30E-05,squamous cell lung cancer,ieu-a-967,rs444921,6,31932177,0.95482542,0.174829832,4.64E-08,T,C,0.912417743
"SKIV2L_T cell, CD4, TH1 TH17",SKIV2L,"T cell, CD4, TH1 TH17","T cell, CD4, TH1 TH17.txt",Wald_ratio,1,-0.16439309,0.029125804,NA,NA,1.66E-08,NA,NA,NA,NA,NA,NA,NA,2.30E-05,squamous cell lung cancer,ieu-a-967,rs444921,6,31932177,1.241201804,0.169598702,2.50E-13,T,C,0.979819989
"SKIV2L_T cell, CD4, naive TREG",SKIV2L,"T cell, CD4, naive TREG","T cell, CD4, naive TREG.txt",Wald_ratio,1,-0.167558802,0.029686678,NA,NA,1.66E-08,NA,NA,NA,NA,NA,NA,NA,2.30E-05,squamous cell lung cancer,ieu-a-967,rs444921,6,31932177,1.217751602,0.168801016,5.26E-13,T,C,0.914346107
"IREB2_B cell, naive",IREB2,"B cell, naive",B_CELL_NAIVE.txt,Wald_ratio,1,-0.194690853,0.034509916,NA,NA,1.68E-08,NA,NA,NA,NA,NA,NA,NA,2.30E-05,squamous cell lung cancer,ieu-a-967,rs4887057,15,78760918,0.71147667,0.127287508,2.22E-08,A,G,0.315847021
"IREB2_Monocyte, classical",IREB2,"Monocyte, classical","Monocyte, classical.txt",Wald_ratio,1,-0.169635716,0.030731895,NA,NA,3.39E-08,NA,NA,NA,NA,NA,NA,NA,4.28E-05,squamous cell lung cancer,ieu-a-967,rs11637656,15,78751961,-0.801252253,0.122717772,6.38E-11,T,C,0.977094464
"IREB2_T cell, CD4, TH1 TH17",IREB2,"T cell, CD4, TH1 TH17","T cell, CD4, TH1 TH17.txt",Wald_ratio,1,-0.168594151,0.030897336,NA,NA,4.85E-08,NA,NA,NA,NA,NA,NA,NA,5.69E-05,squamous cell lung cancer,ieu-a-967,rs4362358,15,78796104,-0.803758606,0.126707589,2.24E-10,T,C,0.033235555
"IREB2_T cell, CD4, TH2",IREB2,"T cell, CD4, TH2","T cell, CD4, TH2.txt",Wald_ratio,1,-0.183543787,0.033923861,NA,NA,6.29E-08,NA,NA,NA,NA,NA,NA,NA,6.44E-05,squamous cell lung cancer,ieu-a-967,rs1964678,15,78754000,-0.72857274,0.125553049,6.34E-09,G,A,0.975238976
"IREB2_T cell, CD4, TH17",IREB2,"T cell, CD4, TH17","T cell, CD4, TH17.txt",Wald_ratio,1,-0.172406403,0.03186537,NA,NA,6.29E-08,NA,NA,NA,NA,NA,NA,NA,6.44E-05,squamous cell lung cancer,ieu-a-967,rs1964678,15,78754000,-0.775638244,0.126839144,9.36E-10,G,A,0.976267408
"RAD52_T cell, CD4, naive TREG",RAD52,"T cell, CD4, naive TREG","T cell, CD4, naive TREG.txt",Wald_ratio,1,0.143483566,0.031002206,NA,NA,3.69E-06,NA,NA,NA,NA,NA,NA,NA,0.003361145,squamous cell lung cancer,ieu-a-967,rs147560086,12,1054956,-0.984865401,0.172156749,1.04E-08,T,C,0.060921879
"RAD52_T cell, CD4, naive",RAD52,"T cell, CD4, naive","T cell, CD4, naive.txt",Wald_ratio,1,0.14362676,0.031033146,NA,NA,3.69E-06,NA,NA,NA,NA,NA,NA,NA,0.003361145,squamous cell lung cancer,ieu-a-967,rs147560086,12,1054956,-0.983883502,0.168873395,5.66E-09,T,C,0.054293573
"SPINK2_T cell, CD4, naive",SPINK2,"T cell, CD4, naive","T cell, CD4, naive.txt",Wald_ratio,1,-0.186172952,0.040814745,NA,NA,5.08E-06,NA,NA,NA,NA,NA,NA,NA,0.00396804,squamous cell lung cancer,ieu-a-967,rs28722823,4,57688155,1.670989239,0.286475712,5.44E-09,C,G,0.771189581
"SPINK2_T cell, CD4, TH1",SPINK2,"T cell, CD4, TH1","T cell, CD4, TH1.txt",Wald_ratio,1,-0.184320081,0.04040854,NA,NA,5.08E-06,NA,NA,NA,NA,NA,NA,NA,0.00396804,squamous cell lung cancer,ieu-a-967,rs28722823,4,57688155,1.687786803,0.290838471,6.43E-09,C,G,0.530370221
"SPINK2_T cell, CD4, naive TREG",SPINK2,"T cell, CD4, naive TREG","T cell, CD4, naive TREG.txt",Wald_ratio,1,-0.195694617,0.042902182,NA,NA,5.08E-06,NA,NA,NA,NA,NA,NA,NA,0.00396804,squamous cell lung cancer,ieu-a-967,rs28722823,4,57688155,1.589686035,0.276626741,8.99E-09,C,G,0.364248116
"XBP1_T cell, CD4, memory TREG",XBP1,"T cell, CD4, memory TREG","T cell, CD4, memory TREG.txt",Wald_ratio,1,-0.108794252,0.025283456,NA,NA,1.69E-05,NA,NA,NA,NA,NA,NA,NA,0.012562006,squamous cell lung cancer,ieu-a-967,rs2239815,22,29192670,1.037279062,0.142176827,2.86E-13,C,T,0.351539809
"ATP6V1E2_T cell, CD8, naive activated",ATP6V1E2,"T cell, CD8, naive activated","T cell, CD8, naive activated.txt",Wald_ratio,1,0.128169951,0.030041424,NA,NA,1.99E-05,NA,NA,NA,NA,NA,NA,NA,0.014162214,squamous cell lung cancer,ieu-a-967,rs2346419,2,46845069,-0.863540942,0.143977494,1.95E-09,C,G,0.946505987
"CYP21A2_T cell, CD4, TH2",CYP21A2,"T cell, CD4, TH2","T cell, CD4, TH2.txt",Wald_ratio,1,0.144026589,0.034873512,NA,NA,3.63E-05,NA,NA,NA,NA,NA,NA,NA,0.023800286,squamous cell lung cancer,ieu-a-967,rs2596510,6,31318308,1.593587691,0.278965348,0.000000011,T,G,0.0073007
"CYP21A2_T cell, CD4, naive",CYP21A2,"T cell, CD4, naive","T cell, CD4, naive.txt",Wald_ratio,1,0.140716654,0.034072069,NA,NA,3.63E-05,NA,NA,NA,NA,NA,NA,NA,0.023800286,squamous cell lung cancer,ieu-a-967,rs2596510,6,31318308,1.631072046,0.276599977,3.70E-09,T,G,0.350888605
"NSUN2_T cell, CD4, TH17",NSUN2,"T cell, CD4, TH17","T cell, CD4, TH17.txt",Wald_ratio,1,-0.08518665,0.021287287,NA,NA,6.29E-05,NA,NA,NA,NA,NA,NA,NA,0.030313515,squamous cell lung cancer,ieu-a-967,rs2303707,5,6605532,-1.226600654,0.0001,6.22E-19,A,C,0.935706466
"NSUN2_T cell, CD4, TH1",NSUN2,"T cell, CD4, TH1","T cell, CD4, TH1.txt",Wald_ratio,1,-0.091193892,0.022865219,NA,NA,6.65E-05,NA,NA,NA,NA,NA,NA,NA,0.030313515,squamous cell lung cancer,ieu-a-967,rs506416,5,6605271,-1.142390103,0.156524307,2.81E-13,A,G,0.925819987
"NSUN2_NK cell, CD56dim CD16+",NSUN2,"NK cell, CD56dim CD16+","NK cell, CD56dim CD16+.txt",Wald_ratio,1,-0.090417575,0.022663034,NA,NA,6.62E-05,NA,NA,NA,NA,NA,NA,NA,0.030313515,squamous cell lung cancer,ieu-a-967,rs7717596,5,6610391,-1.151081521,0.151896511,3.38E-14,C,T,0.937826752
"NSUN2_T cell, CD4, naive",NSUN2,"T cell, CD4, naive","T cell, CD4, naive.txt",Wald_ratio,1,-0.076398877,0.019149268,NA,NA,6.62E-05,NA,NA,NA,NA,NA,NA,NA,0.030313515,squamous cell lung cancer,ieu-a-967,rs7717596,5,6610391,-1.362297517,0.00001,6.74E-23,C,T,0.940645725
"NSUN2_T cell, CD4, TH2",NSUN2,"T cell, CD4, TH2","T cell, CD4, TH2.txt",Wald_ratio,1,-0.082226579,0.020609973,NA,NA,6.62E-05,NA,NA,NA,NA,NA,NA,NA,0.030313515,squamous cell lung cancer,ieu-a-967,rs7717596,5,6610391,-1.265746452,0.0001,1.52E-18,C,T,0.939206134
"NSUN2_T cell, CD4, memory TREG",NSUN2,"T cell, CD4, memory TREG","T cell, CD4, memory TREG.txt",Wald_ratio,1,-0.077262532,0.019365742,NA,NA,6.62E-05,NA,NA,NA,NA,NA,NA,NA,0.030313515,squamous cell lung cancer,ieu-a-967,rs7717596,5,6610391,-1.3470695,0.0001,5.18E-22,C,T,0.938801366
"NSUN2_T cell, CD4, naive TREG",NSUN2,"T cell, CD4, naive TREG","T cell, CD4, naive TREG.txt",Wald_ratio,1,-0.077146168,0.019336575,NA,NA,6.62E-05,NA,NA,NA,NA,NA,NA,NA,0.030313515,squamous cell lung cancer,ieu-a-967,rs7717596,5,6610391,-1.349101352,0.0001,9.94E-23,C,T,0.940814389
"NSUN2_T cell, CD8, naive",NSUN2,"T cell, CD8, naive","T cell, CD8, naive.txt",Wald_ratio,1,-0.075617361,0.018953382,NA,NA,6.62E-05,NA,NA,NA,NA,NA,NA,NA,0.030313515,squamous cell lung cancer,ieu-a-967,rs7717596,5,6610391,-1.376377054,0.00001,1.54E-24,C,T,0.940463638
"NSUN2_T cell, CD4, TH1 TH17",NSUN2,"T cell, CD4, TH1 TH17","T cell, CD4, TH1 TH17.txt",Wald_ratio,1,-0.084929444,0.021287442,NA,NA,6.62E-05,NA,NA,NA,NA,NA,NA,NA,0.030313515,squamous cell lung cancer,ieu-a-967,rs7717596,5,6610391,-1.225464276,0.149283266,1.23E-16,C,T,0.934328671
"NSUN2_T cell, CD4, TFH",NSUN2,"T cell, CD4, TFH","T cell, CD4, TFH.txt",Wald_ratio,1,-0.078634433,0.019709607,NA,NA,6.62E-05,NA,NA,NA,NA,NA,NA,NA,0.030313515,squamous cell lung cancer,ieu-a-967,rs7717596,5,6610391,-1.323567751,0.0001,5.70E-21,C,T,0.940512968
"NSUN2_B cell, naive",NSUN2,"B cell, naive",B_CELL_NAIVE.txt,Wald_ratio,1,-0.078559709,0.019690877,NA,NA,6.62E-05,NA,NA,NA,NA,NA,NA,NA,0.030313515,squamous cell lung cancer,ieu-a-967,rs7717596,5,6610391,-1.324826705,0.0001,1.23E-21,C,T,0.940740819
"RAB15_Monocyte, classical",RAB15,"Monocyte, classical","Monocyte, classical.txt",Wald_ratio,1,0.128666334,0.032419136,NA,NA,7.22E-05,NA,NA,NA,NA,NA,NA,NA,0.032012633,squamous cell lung cancer,ieu-a-967,rs2296327,14,65410547,-0.897833926,0.140900189,1.81E-10,T,C,0.25609106
"NSUN2_Monocyte, non-classical",NSUN2,"Monocyte, non-classical","Monocyte, non-classical.txt",Wald_ratio,1,-0.083976514,0.021488907,NA,NA,9.31E-05,NA,NA,NA,NA,NA,NA,NA,0.040180666,squamous cell lung cancer,ieu-a-967,rs10475340,5,6626561,-1.22630715,0.0001,2.59E-17,C,T,0.920721888
"AC022431.2_Monocyte, non-classical",AC022431.2,"Monocyte, non-classical","Monocyte, non-classical.txt",Wald_ratio,1,0.001988627,0.000353846,NA,NA,1.91E-08,NA,NA,NA,NA,NA,NA,NA,0.000110971,breast cancer,ukb-b-16890,rs59134645,5,56027685,1.607963773,0.197981542,3.93E-16,T,C,1.67E-20
"AC022431.3_Monocyte, non-classical",AC022431.3,"Monocyte, non-classical","Monocyte, non-classical.txt",Wald_ratio,1,0.002157837,0.000383955,NA,NA,1.91E-08,NA,NA,NA,NA,NA,NA,NA,0.000110971,breast cancer,ukb-b-16890,rs59134645,5,56027685,1.481872849,0.198834399,8.89E-14,T,C,1.67E-20
"RP11-53O19.3_T cell, CD4, naive",RP11-53O19.3,"T cell, CD4, naive","T cell, CD4, naive.txt",Wald_ratio,1,-0.002488369,0.000436537,NA,NA,1.20E-08,NA,NA,NA,NA,NA,NA,NA,0.000110971,breast cancer,ukb-b-16890,rs930395,5,44822458,-0.838139505,0.152603577,3.96E-08,A,G,0.96404269
"LRRC37A4P_T cell, CD4, TFH",LRRC37A4P,"T cell, CD4, TFH","T cell, CD4, TFH.txt",Wald_ratio,1,0.001350579,0.000304674,NA,NA,9.30E-06,NA,NA,NA,NA,NA,NA,NA,0.005067241,breast cancer,ukb-b-16890,rs113927637,17,43807911,-1.193399067,0.0001,2.89E-18,G,A,0.207606039
"LRRC37A4P_Monocyte, classical",LRRC37A4P,"Monocyte, classical","Monocyte, classical.txt",Wald_ratio,1,0.001331023,0.000300263,NA,NA,9.30E-06,NA,NA,NA,NA,NA,NA,NA,0.005067241,breast cancer,ukb-b-16890,rs113927637,17,43807911,-1.210933188,0.0001,7.53E-19,G,A,0.284114478
"LRRC37A4P_T cell, CD4, TH1 TH17",LRRC37A4P,"T cell, CD4, TH1 TH17","T cell, CD4, TH1 TH17.txt",Wald_ratio,1,0.001337792,0.00030179,NA,NA,9.30E-06,NA,NA,NA,NA,NA,NA,NA,0.005067241,breast cancer,ukb-b-16890,rs113927637,17,43807911,-1.204806427,0.00001,3.11E-17,G,A,0.227677511
"RCCD1_T cell, CD4, TH1",RCCD1,"T cell, CD4, TH1","T cell, CD4, TH1.txt",Wald_ratio,1,-0.002114115,0.000480048,NA,NA,1.06E-05,NA,NA,NA,NA,NA,NA,NA,0.005067241,breast cancer,ukb-b-16890,rs12595025,15,91520131,0.942829343,0.167385633,1.74E-08,T,C,0.132587547
"PRC1-AS1_Monocyte, classical",PRC1-AS1,"Monocyte, classical","Monocyte, classical.txt",Wald_ratio,1,0.002012239,0.000456915,NA,NA,1.06E-05,NA,NA,NA,NA,NA,NA,NA,0.005067241,breast cancer,ukb-b-16890,rs12595025,15,91520131,-0.990563196,0.147384865,1.75E-11,T,C,0.58981398
"PRC1-AS1_T cell, CD8, naive",PRC1-AS1,"T cell, CD8, naive","T cell, CD8, naive.txt",Wald_ratio,1,0.002056547,0.000466976,NA,NA,1.06E-05,NA,NA,NA,NA,NA,NA,NA,0.005067241,breast cancer,ukb-b-16890,rs36118949,15,90637323,-0.688359474,0.168148739,0.0000424,T,C,0.001047145
"RCCD1_T cell, CD4, TH17",RCCD1,"T cell, CD4, TH17","T cell, CD4, TH17.txt",Wald_ratio,1,-0.002044428,0.000466967,NA,NA,1.20E-05,NA,NA,NA,NA,NA,NA,NA,0.005067241,breast cancer,ukb-b-16890,rs150333865,15,91528875,0.970413453,0.163593877,2.93E-09,A,G,0.29305346
"CRHR1-IT1_T cell, CD4, memory TREG",CRHR1-IT1,"T cell, CD4, memory TREG","T cell, CD4, memory TREG.txt",Wald_ratio,1,-0.001401506,0.000316275,NA,NA,9.37E-06,NA,NA,NA,NA,NA,NA,NA,0.005067241,breast cancer,ukb-b-16890,rs1526127,17,43812398,1.149642071,0.143956777,1.34E-15,G,C,0.307598815
"ATG10_T cell, CD4, memory TREG",ATG10,"T cell, CD4, memory TREG","T cell, CD4, memory TREG.txt",Wald_ratio,1,-0.001451572,0.000328606,NA,NA,9.99E-06,NA,NA,NA,NA,NA,NA,NA,0.005067241,breast cancer,ukb-b-16890,rs224806,5,81684613,-1.021857665,0.176425303,6.82E-09,G,T,0.018054774
"LRRC37A4P_T cell, CD4, TH1",LRRC37A4P,"T cell, CD4, TH1","T cell, CD4, TH1.txt",Wald_ratio,1,0.001318292,0.000296657,NA,NA,8.84E-06,NA,NA,NA,NA,NA,NA,NA,0.005067241,breast cancer,ukb-b-16890,rs242561,17,44026548,1.225320553,0.152476521,8.79E-16,C,T,0.29199689
"CRHR1-IT1_NK cell, CD56dim CD16+",CRHR1-IT1,"NK cell, CD56dim CD16+","NK cell, CD56dim CD16+.txt",Wald_ratio,1,-0.001478864,0.000333547,NA,NA,9.26E-06,NA,NA,NA,NA,NA,NA,NA,0.005067241,breast cancer,ukb-b-16890,rs2942166,17,43715427,1.089667421,0.134198213,4.79E-16,C,T,0.318020504
"RCCD1_T cell, CD4, TH1 TH17",RCCD1,"T cell, CD4, TH1 TH17","T cell, CD4, TH1 TH17.txt",Wald_ratio,1,-0.001877109,0.000410924,NA,NA,4.92E-06,NA,NA,NA,NA,NA,NA,NA,0.005067241,breast cancer,ukb-b-16890,rs3826033,15,91548601,1.109706697,0.176358386,3.12E-10,A,G,0.125527127
"RCCD1_T cell, CD4, TH2",RCCD1,"T cell, CD4, TH2","T cell, CD4, TH2.txt",Wald_ratio,1,-0.001889734,0.000413688,NA,NA,4.92E-06,NA,NA,NA,NA,NA,NA,NA,0.005067241,breast cancer,ukb-b-16890,rs3826033,15,91548601,1.102292765,0.169677637,8.02E-11,A,G,0.577097282
"LRRC37A4P_T cell, CD4, TH17",LRRC37A4P,"T cell, CD4, TH17","T cell, CD4, TH17.txt",Wald_ratio,1,0.001381859,0.000316797,NA,NA,1.29E-05,NA,NA,NA,NA,NA,NA,NA,0.005067241,breast cancer,ukb-b-16890,rs4383188,17,44197603,-1.147729667,0.0001,4.11E-18,C,T,0.301444417
"LRRC37A4P_T cell, CD4, TH2",LRRC37A4P,"T cell, CD4, TH2","T cell, CD4, TH2.txt",Wald_ratio,1,0.001317506,0.000302044,NA,NA,1.29E-05,NA,NA,NA,NA,NA,NA,NA,0.005067241,breast cancer,ukb-b-16890,rs4383188,17,44197603,-1.203789943,0.0001,7.39E-18,C,T,0.14387055
"LRRC37A4P_T cell, CD8, naive",LRRC37A4P,"T cell, CD8, naive","T cell, CD8, naive.txt",Wald_ratio,1,0.001308042,0.000299874,NA,NA,1.29E-05,NA,NA,NA,NA,NA,NA,NA,0.005067241,breast cancer,ukb-b-16890,rs4383188,17,44197603,-1.21249909,0.00001,3.43E-18,C,T,0.325848376
"LRRC37A4P_NK cell, CD56dim CD16+",LRRC37A4P,"NK cell, CD56dim CD16+","NK cell, CD56dim CD16+.txt",Wald_ratio,1,0.001227122,0.000281323,NA,NA,1.29E-05,NA,NA,NA,NA,NA,NA,NA,0.005067241,breast cancer,ukb-b-16890,rs4383188,17,44197603,-1.292455386,0.0001,1.19E-19,C,T,0.316794557
"CRHR1-IT1_T cell, CD4, TFH",CRHR1-IT1,"T cell, CD4, TFH","T cell, CD4, TFH.txt",Wald_ratio,1,-0.0017122,0.000385739,NA,NA,9.05E-06,NA,NA,NA,NA,NA,NA,NA,0.005067241,breast cancer,ukb-b-16890,rs439558,17,43717803,0.942337473,0.148375496,2.08E-10,C,T,0.212018013
"CRHR1-IT1_T cell, CD4, TH17",CRHR1-IT1,"T cell, CD4, TH17","T cell, CD4, TH17.txt",Wald_ratio,1,-0.001620713,0.000355883,NA,NA,5.26E-06,NA,NA,NA,NA,NA,NA,NA,0.005067241,breast cancer,ukb-b-16890,rs4485406,17,43683627,1.120377403,0.152473821,1.94E-13,G,C,0.316739576
"KANSL1-AS1_T cell, CD4, TH2",KANSL1-AS1,"T cell, CD4, TH2","T cell, CD4, TH2.txt",Wald_ratio,1,-0.001392174,0.000313054,NA,NA,8.70E-06,NA,NA,NA,NA,NA,NA,NA,0.005067241,breast cancer,ukb-b-16890,rs451737,17,43683392,1.161313116,0.143015179,4.86E-16,G,A,0.333654234
"KANSL1-AS1_T cell, CD4, naive TREG",KANSL1-AS1,"T cell, CD4, naive TREG","T cell, CD4, naive TREG.txt",Wald_ratio,1,-0.00131678,0.000296101,NA,NA,8.70E-06,NA,NA,NA,NA,NA,NA,NA,0.005067241,breast cancer,ukb-b-16890,rs451737,17,43683392,1.227805865,0.149658494,1.23E-16,G,A,0.3121469
"KANSL1-AS1_T cell, CD8, naive",KANSL1-AS1,"T cell, CD8, naive","T cell, CD8, naive.txt",Wald_ratio,1,-0.001400136,0.000314845,NA,NA,8.70E-06,NA,NA,NA,NA,NA,NA,NA,0.005067241,breast cancer,ukb-b-16890,rs451737,17,43683392,1.154708889,0.145146168,1.74E-15,G,A,0.335581532
"KANSL1-AS1_T cell, CD4, naive",KANSL1-AS1,"T cell, CD4, naive","T cell, CD4, naive.txt",Wald_ratio,1,-0.001373512,0.000308858,NA,NA,8.70E-06,NA,NA,NA,NA,NA,NA,NA,0.005067241,breast cancer,ukb-b-16890,rs451737,17,43683392,1.177091667,0.148698004,2.44E-15,G,A,0.31118982
"DND1P1_T cell, CD4, naive activated",DND1P1,"T cell, CD4, naive activated","T cell, CD4, naive activated.txt",Wald_ratio,1,-0.001350819,0.000303755,NA,NA,8.70E-06,NA,NA,NA,NA,NA,NA,NA,0.005067241,breast cancer,ukb-b-16890,rs451737,17,43683392,1.196866122,0.154182811,7.94E-15,G,A,0.317739042
"LRRC37A2_T cell, CD4, memory TREG",LRRC37A2,"T cell, CD4, memory TREG","T cell, CD4, memory TREG.txt",Wald_ratio,1,-0.001517985,0.000340472,NA,NA,8.25E-06,NA,NA,NA,NA,NA,NA,NA,0.005067241,breast cancer,ukb-b-16890,rs56040418,17,43958079,1.066868077,0.153959654,4.09E-12,T,C,0.306945342
"LRRC37A2_T cell, CD4, naive TREG",LRRC37A2,"T cell, CD4, naive TREG","T cell, CD4, naive TREG.txt",Wald_ratio,1,-0.001517322,0.000340324,NA,NA,8.25E-06,NA,NA,NA,NA,NA,NA,NA,0.005067241,breast cancer,ukb-b-16890,rs56040418,17,43958079,1.067334077,0.154724089,5.10E-12,T,C,0.297470419
"LRRC37A2_T cell, CD4, TH17",LRRC37A2,"T cell, CD4, TH17","T cell, CD4, TH17.txt",Wald_ratio,1,-0.001473348,0.000330461,NA,NA,8.25E-06,NA,NA,NA,NA,NA,NA,NA,0.005067241,breast cancer,ukb-b-16890,rs56040418,17,43958079,1.09919036,0.150126979,2.36E-13,T,C,0.290726018
"LRRC37A2_T cell, CD4, TH2",LRRC37A2,"T cell, CD4, TH2","T cell, CD4, TH2.txt",Wald_ratio,1,-0.001539302,0.000345253,NA,NA,8.25E-06,NA,NA,NA,NA,NA,NA,NA,0.005067241,breast cancer,ukb-b-16890,rs56040418,17,43958079,1.052093635,0.152193811,4.60E-12,T,C,0.140786633
"LRRC37A2_T cell, CD8, naive",LRRC37A2,"T cell, CD8, naive","T cell, CD8, naive.txt",Wald_ratio,1,-0.001445947,0.000324315,NA,NA,8.25E-06,NA,NA,NA,NA,NA,NA,NA,0.005067241,breast cancer,ukb-b-16890,rs56040418,17,43958079,1.120020189,0.149892869,7.87E-14,T,C,0.320321494
"LRRC37A2_T cell, CD4, TH1 TH17",LRRC37A2,"T cell, CD4, TH1 TH17","T cell, CD4, TH1 TH17.txt",Wald_ratio,1,-0.00138043,0.00030962,NA,NA,8.25E-06,NA,NA,NA,NA,NA,NA,NA,0.005067241,breast cancer,ukb-b-16890,rs56040418,17,43958079,1.173177546,0.158041772,1.14E-13,T,C,0.227118803
"LRRC37A2_NK cell, CD56dim CD16+",LRRC37A2,"NK cell, CD56dim CD16+","NK cell, CD56dim CD16+.txt",Wald_ratio,1,-0.001438068,0.000322547,NA,NA,8.25E-06,NA,NA,NA,NA,NA,NA,NA,0.005067241,breast cancer,ukb-b-16890,rs56040418,17,43958079,1.126157131,0.156021338,5.10E-13,T,C,0.311380852
"LRRC37A2_T cell, CD4, naive",LRRC37A2,"T cell, CD4, naive","T cell, CD4, naive.txt",Wald_ratio,1,-0.001570882,0.000352337,NA,NA,8.25E-06,NA,NA,NA,NA,NA,NA,NA,0.005067241,breast cancer,ukb-b-16890,rs56040418,17,43958079,1.030942868,0.156692405,4.71E-11,T,C,0.282057168
"LRRC37A2_T cell, CD4, TFH",LRRC37A2,"T cell, CD4, TFH","T cell, CD4, TFH.txt",Wald_ratio,1,-0.001539301,0.000345253,NA,NA,8.25E-06,NA,NA,NA,NA,NA,NA,NA,0.005067241,breast cancer,ukb-b-16890,rs56040418,17,43958079,1.052094513,0.152648963,5.32E-12,T,C,0.207071072
"RCCD1_B cell, naive",RCCD1,"B cell, naive",B_CELL_NAIVE.txt,Wald_ratio,1,-0.002093617,0.000479824,NA,NA,1.28E-05,NA,NA,NA,NA,NA,NA,NA,0.005067241,breast cancer,ukb-b-16890,rs60290423,15,91529452,0.944332154,0.154580346,9.78E-10,C,T,0.172740282
"PRC1-AS1_T cell, CD4, memory TREG",PRC1-AS1,"T cell, CD4, memory TREG","T cell, CD4, memory TREG.txt",Wald_ratio,1,0.002159276,0.000494872,NA,NA,1.28E-05,NA,NA,NA,NA,NA,NA,NA,0.005067241,breast cancer,ukb-b-16890,rs60290423,15,91529452,-0.915617064,0.156840643,5.17E-09,C,T,0.642403548
"RCCD1_T cell, CD4, naive",RCCD1,"T cell, CD4, naive","T cell, CD4, naive.txt",Wald_ratio,1,-0.001666132,0.000381851,NA,NA,1.28E-05,NA,NA,NA,NA,NA,NA,NA,0.005067241,breast cancer,ukb-b-16890,rs4932167,15,90739970,0.919511081,0.204394912,0.00000683,T,C,0.000909265
"RCCD1_T cell, CD8, naive",RCCD1,"T cell, CD8, naive","T cell, CD8, naive.txt",Wald_ratio,1,-0.001844752,0.000422788,NA,NA,1.28E-05,NA,NA,NA,NA,NA,NA,NA,0.005067241,breast cancer,ukb-b-16890,rs60290423,15,91529452,1.071726982,0.167921396,1.74E-10,C,T,0.474278125
"CRHR1-IT1_T cell, CD4, TH2",CRHR1-IT1,"T cell, CD4, TH2","T cell, CD4, TH2.txt",Wald_ratio,1,-0.001537897,0.000353598,NA,NA,1.37E-05,NA,NA,NA,NA,NA,NA,NA,0.005067241,breast cancer,ukb-b-16890,rs60814418,17,43850645,1.026219791,0.148379814,4.49E-12,T,C,0.140970225
"CRHR1-IT1_T cell, CD4, TH1",CRHR1-IT1,"T cell, CD4, TH1","T cell, CD4, TH1.txt",Wald_ratio,1,-0.001517872,0.000348994,NA,NA,1.37E-05,NA,NA,NA,NA,NA,NA,NA,0.005067241,breast cancer,ukb-b-16890,rs60814418,17,43850645,1.039758491,0.166364579,4.01E-10,T,C,0.292679394
"RP11-259G18.2_T cell, CD4, memory TREG",RP11-259G18.2,"T cell, CD4, memory TREG","T cell, CD4, memory TREG.txt",Wald_ratio,1,-0.0017752,0.000395189,NA,NA,7.05E-06,NA,NA,NA,NA,NA,NA,NA,0.005067241,breast cancer,ukb-b-16890,rs62054437,17,43825576,0.923462098,0.165183196,2.22E-08,C,T,0.307453495
"LRRC37A2_T cell, CD4, TH1",LRRC37A2,"T cell, CD4, TH1","T cell, CD4, TH1.txt",Wald_ratio,1,-0.001456841,0.000327638,NA,NA,8.73E-06,NA,NA,NA,NA,NA,NA,NA,0.005067241,breast cancer,ukb-b-16890,rs62055693,17,43756910,1.109723185,0.169633549,5.92E-11,C,T,0.296310224
"LRRC37A4P_Monocyte, non-classical",LRRC37A4P,"Monocyte, non-classical","Monocyte, non-classical.txt",Wald_ratio,1,0.001338794,0.000301597,NA,NA,9.04E-06,NA,NA,NA,NA,NA,NA,NA,0.005067241,breast cancer,ukb-b-16890,rs62055876,17,43832940,-1.208139401,0.0001,1.22E-17,G,A,0.311823185
"LRRC37A4P_T cell, CD8, naive activated",LRRC37A4P,"T cell, CD8, naive activated","T cell, CD8, naive activated.txt",Wald_ratio,1,0.001366264,0.000306984,NA,NA,8.56E-06,NA,NA,NA,NA,NA,NA,NA,0.005067241,breast cancer,ukb-b-16890,rs733969,17,44089727,-1.183950906,0.144316541,2.66E-16,A,G,0.017075016
"CRHR1-IT1_Monocyte, classical",CRHR1-IT1,"Monocyte, classical","Monocyte, classical.txt",Wald_ratio,1,-0.001290247,0.000296464,NA,NA,1.35E-05,NA,NA,NA,NA,NA,NA,NA,0.005067241,breast cancer,ukb-b-16890,rs753235,17,43946223,1.224470683,0.0001,2.15E-19,A,G,0.283452906
"RP11-707O23.5_T cell, CD4, naive activated",RP11-707O23.5,"T cell, CD4, naive activated","T cell, CD4, naive activated.txt",Wald_ratio,1,-0.001593608,0.000366901,NA,NA,1.40E-05,NA,NA,NA,NA,NA,NA,NA,0.00509585,breast cancer,ukb-b-16890,rs242559,17,44025888,-0.982493955,0.155216105,2.39E-10,A,C,0.269868131
"LRRC37A4P_B cell, naive",LRRC37A4P,"B cell, naive",B_CELL_NAIVE.txt,Wald_ratio,1,0.00119104,0.000276325,NA,NA,1.63E-05,NA,NA,NA,NA,NA,NA,NA,0.005801883,breast cancer,ukb-b-16890,rs56273589,17,44203131,-1.316404501,0.0001,4.05E-20,G,C,0.315958792
"ATG10_Monocyte, classical",ATG10,"Monocyte, classical","Monocyte, classical.txt",Wald_ratio,1,-0.001160587,0.000273145,NA,NA,2.15E-05,NA,NA,NA,NA,NA,NA,NA,0.007342467,breast cancer,ukb-b-16890,rs74906189,5,81261923,1.27698332,0.176582506,4.63E-13,G,A,0.38179089
"ATG10_NK cell, CD56dim CD16+",ATG10,"NK cell, CD56dim CD16+","NK cell, CD56dim CD16+.txt",Wald_ratio,1,-0.001246655,0.000293402,NA,NA,2.15E-05,NA,NA,NA,NA,NA,NA,NA,0.007342467,breast cancer,ukb-b-16890,rs74906189,5,81261923,1.188821322,0.186382603,1.75E-10,G,A,0.014968654
"ATG10_Monocyte, non-classical",ATG10,"Monocyte, non-classical","Monocyte, non-classical.txt",Wald_ratio,1,-0.001113442,0.000262507,NA,NA,2.22E-05,NA,NA,NA,NA,NA,NA,NA,0.00744282,breast cancer,ukb-b-16890,rs4391141,5,81263522,1.327352647,0.171132358,8.54E-15,A,T,0.018019966
"CRHR1-IT1_Monocyte, non-classical",CRHR1-IT1,"Monocyte, non-classical","Monocyte, non-classical.txt",Wald_ratio,1,-0.001266209,0.000307248,NA,NA,3.77E-05,NA,NA,NA,NA,NA,NA,NA,0.012404088,breast cancer,ukb-b-16890,rs17690703,17,43925297,1.12021819,0.0001,1.85E-17,T,C,0.307992448
"LRRC37A2_B cell, naive",LRRC37A2,"B cell, naive",B_CELL_NAIVE.txt,Wald_ratio,1,-0.001385166,0.000338187,NA,NA,4.21E-05,NA,NA,NA,NA,NA,NA,NA,0.013581404,breast cancer,ukb-b-16890,rs62062288,17,44096553,1.094886908,0.15411697,1.17E-12,A,G,0.312708395
"LRRC37A4P_T cell, CD4, memory TREG",LRRC37A4P,"T cell, CD4, memory TREG","T cell, CD4, memory TREG.txt",Wald_ratio,1,0.001196165,0.000292998,NA,NA,4.46E-05,NA,NA,NA,NA,NA,NA,NA,0.014125408,breast cancer,ukb-b-16890,rs2732630,17,44289150,-1.257443947,0.0001,1.78E-18,C,A,0.341361459
"RP11-707O23.5_B cell, naive",RP11-707O23.5,"B cell, naive",B_CELL_NAIVE.txt,Wald_ratio,1,-0.001349986,0.000331155,NA,NA,4.57E-05,NA,NA,NA,NA,NA,NA,NA,0.014229859,breast cancer,ukb-b-16890,rs2258587,17,44303564,1.113752624,0.159389687,2.71E-12,T,C,0.355102467
"ARL17A_Monocyte, classical",ARL17A,"Monocyte, classical","Monocyte, classical.txt",Wald_ratio,1,-0.001450901,0.000358483,NA,NA,5.18E-05,NA,NA,NA,NA,NA,NA,NA,0.014913902,breast cancer,ukb-b-16890,rs1358071,17,43803189,-0.953552005,0.165899858,8.86E-09,A,C,0.284068285
"LRRC37A4P_T cell, CD4, naive",LRRC37A4P,"T cell, CD4, naive","T cell, CD4, naive.txt",Wald_ratio,1,0.001221374,0.0003013,NA,NA,5.04E-05,NA,NA,NA,NA,NA,NA,NA,0.014913902,breast cancer,ukb-b-16890,rs2732712,17,44348932,-1.23277596,0.00001,2.00E-18,G,T,0.338620021
"LRRC37A4P_T cell, CD4, naive TREG",LRRC37A4P,"T cell, CD4, naive TREG","T cell, CD4, naive TREG.txt",Wald_ratio,1,0.001280001,0.000315762,NA,NA,5.04E-05,NA,NA,NA,NA,NA,NA,NA,0.014913902,breast cancer,ukb-b-16890,rs2732712,17,44348932,-1.176311592,0.0001,1.29E-17,G,T,0.349369474
"ARL17A_T cell, CD8, naive activated",ARL17A,"T cell, CD8, naive activated","T cell, CD8, naive activated.txt",Wald_ratio,1,-0.001650316,0.000408686,NA,NA,5.39E-05,NA,NA,NA,NA,NA,NA,NA,0.014913902,breast cancer,ukb-b-16890,rs58879558,17,44095467,0.882612552,0.1414907,4.31E-10,C,T,0.017075016
"LRRC37A2_Monocyte, classical",LRRC37A2,"Monocyte, classical","Monocyte, classical.txt",Wald_ratio,1,-0.001668743,0.000413249,NA,NA,5.39E-05,NA,NA,NA,NA,NA,NA,NA,0.014913902,breast cancer,ukb-b-16890,rs58879558,17,44095467,0.872866662,0.133208713,5.47E-11,C,T,0.285918767
"ARL17A_T cell, CD4, naive TREG",ARL17A,"T cell, CD4, naive TREG","T cell, CD4, naive TREG.txt",Wald_ratio,1,-0.00176571,0.000437262,NA,NA,5.39E-05,NA,NA,NA,NA,NA,NA,NA,0.014913902,breast cancer,ukb-b-16890,rs58879558,17,44095467,0.824931491,0.142138611,6.33E-09,C,T,0.298750337
"LRRC37A4P_T cell, CD4, naive activated",LRRC37A4P,"T cell, CD4, naive activated","T cell, CD4, naive activated.txt",Wald_ratio,1,0.001269959,0.000314123,NA,NA,5.28E-05,NA,NA,NA,NA,NA,NA,NA,0.014913902,breast cancer,ukb-b-16890,rs62061733,17,44018399,-1.154053156,0.14361396,7.78E-16,G,A,0.269848163
"CMSS1_Monocyte, classical",CMSS1,"Monocyte, classical","Monocyte, classical.txt",Wald_ratio,1,0.001568668,0.000394607,NA,NA,7.03E-05,NA,NA,NA,NA,NA,NA,NA,0.019153996,breast cancer,ukb-b-16890,rs1718240,3,99536937,-0.785902566,0.133699023,4.04E-09,T,C,0.245387202
"ATG10_T cell, CD4, TH17",ATG10,"T cell, CD4, TH17","T cell, CD4, TH17.txt",Wald_ratio,1,-0.001189327,0.000300172,NA,NA,7.43E-05,NA,NA,NA,NA,NA,NA,NA,0.019330769,breast cancer,ukb-b-16890,rs112851871,5,81406404,1.163347138,0.20305336,9.92E-09,C,G,0.235345237
"ATG10_T cell, CD8, naive",ATG10,"T cell, CD8, naive","T cell, CD8, naive.txt",Wald_ratio,1,-0.001116483,0.000281787,NA,NA,7.43E-05,NA,NA,NA,NA,NA,NA,NA,0.019330769,breast cancer,ukb-b-16890,rs112851871,5,81406404,1.23924862,0.205946666,1.77E-09,C,G,0.018055428
"RP11-259G18.3_T cell, CD4, naive",RP11-259G18.3,"T cell, CD4, naive","T cell, CD4, naive.txt",Wald_ratio,1,-0.001293625,0.000326282,NA,NA,7.35E-05,NA,NA,NA,NA,NA,NA,NA,0.019330769,breast cancer,ukb-b-16890,rs9896243,17,44826056,1.132384242,0.146980488,1.31E-14,G,C,0.272453931
"KCNN4_Monocyte, classical",KCNN4,"Monocyte, classical","Monocyte, classical.txt",Wald_ratio,1,0.00109928,0.000282388,NA,NA,9.91E-05,NA,NA,NA,NA,NA,NA,NA,0.020846426,breast cancer,ukb-b-16890,rs11879798,19,44281898,1.112127705,0.0001,1.95E-18,A,G,0.234114979
"KCNN4_Monocyte, non-classical",KCNN4,"Monocyte, non-classical","Monocyte, non-classical.txt",Wald_ratio,1,0.001068986,0.000274605,NA,NA,9.91E-05,NA,NA,NA,NA,NA,NA,NA,0.020846426,breast cancer,ukb-b-16890,rs11879798,19,44281898,1.143644441,0.0001,4.75E-18,A,G,0.234100132
"TNNT3_T cell, CD4, TH1 TH17",TNNT3,"T cell, CD4, TH1 TH17","T cell, CD4, TH1 TH17.txt",Wald_ratio,1,0.001627575,0.000414705,NA,NA,8.69E-05,NA,NA,NA,NA,NA,NA,NA,0.020846426,breast cancer,ukb-b-16890,rs562434,11,1892930,-0.767049144,0.138862659,3.31E-08,A,G,0.003575562
"TNNT3_T cell, CD8, naive",TNNT3,"T cell, CD8, naive","T cell, CD8, naive.txt",Wald_ratio,1,0.001529604,0.000389742,NA,NA,8.69E-05,NA,NA,NA,NA,NA,NA,NA,0.020846426,breast cancer,ukb-b-16890,rs562434,11,1892930,-0.816178499,0.137081094,2.61E-09,A,G,0.004274414
"TNNT3_T cell, CD4, naive",TNNT3,"T cell, CD4, naive","T cell, CD4, naive.txt",Wald_ratio,1,0.001508727,0.000384422,NA,NA,8.69E-05,NA,NA,NA,NA,NA,NA,NA,0.020846426,breast cancer,ukb-b-16890,rs562434,11,1892930,-0.827472402,0.138009684,2.02E-09,A,G,0.007883925
"DND1P1_T cell, CD4, TH2",DND1P1,"T cell, CD4, TH2","T cell, CD4, TH2.txt",Wald_ratio,1,-0.001378508,0.00035519,NA,NA,0.000104011,NA,NA,NA,NA,NA,NA,NA,0.020846426,breast cancer,ukb-b-16890,rs79742625,17,43657257,1.076025507,0.157346761,7.76E-12,T,C,0.344456059
"DND1P1_T cell, CD4, naive TREG",DND1P1,"T cell, CD4, naive TREG","T cell, CD4, naive TREG.txt",Wald_ratio,1,-0.001316009,0.000339087,NA,NA,0.000104011,NA,NA,NA,NA,NA,NA,NA,0.020846426,breast cancer,ukb-b-16890,rs79742625,17,43657257,1.127127939,0.159959917,1.78E-12,T,C,0.330299906
"KANSL1-AS1_T cell, CD4, memory TREG",KANSL1-AS1,"T cell, CD4, memory TREG","T cell, CD4, memory TREG.txt",Wald_ratio,1,-0.001280519,0.000329942,NA,NA,0.000104011,NA,NA,NA,NA,NA,NA,NA,0.020846426,breast cancer,ukb-b-16890,rs79742625,17,43657257,1.158366696,0.145695921,1.79E-15,T,C,0.332503869
"KANSL1-AS1_T cell, CD4, TH1 TH17",KANSL1-AS1,"T cell, CD4, TH1 TH17","T cell, CD4, TH1 TH17.txt",Wald_ratio,1,-0.001337157,0.000344536,NA,NA,0.000104011,NA,NA,NA,NA,NA,NA,NA,0.020846426,breast cancer,ukb-b-16890,rs79742625,17,43657257,1.109301573,0.139438891,1.74E-15,T,C,0.290690425
"RP11-259G18.3_T cell, CD4, TH1",RP11-259G18.3,"T cell, CD4, TH1","T cell, CD4, TH1.txt",Wald_ratio,1,-0.001197137,0.000308458,NA,NA,0.000104011,NA,NA,NA,NA,NA,NA,NA,0.020846426,breast cancer,ukb-b-16890,rs79742625,17,43657257,1.239048071,0.166874493,1.09E-13,T,C,0.336537893
"DND1P1_T cell, CD4, naive",DND1P1,"T cell, CD4, naive","T cell, CD4, naive.txt",Wald_ratio,1,-0.001271029,0.000327497,NA,NA,0.000104011,NA,NA,NA,NA,NA,NA,NA,0.020846426,breast cancer,ukb-b-16890,rs79742625,17,43657257,1.167014769,0.148945897,4.57E-15,T,C,0.32163025
"KANSL1-AS1_T cell, CD4, TH17",KANSL1-AS1,"T cell, CD4, TH17","T cell, CD4, TH17.txt",Wald_ratio,1,-0.001326976,0.000341913,NA,NA,0.000104011,NA,NA,NA,NA,NA,NA,NA,0.020846426,breast cancer,ukb-b-16890,rs79742625,17,43657257,1.117811947,0.139582122,1.19E-15,T,C,0.334552918
"KANSL1-AS1_Monocyte, non-classical",KANSL1-AS1,"Monocyte, non-classical","Monocyte, non-classical.txt",Wald_ratio,1,-0.001343365,0.000346135,NA,NA,0.000104011,NA,NA,NA,NA,NA,NA,NA,0.020846426,breast cancer,ukb-b-16890,rs79742625,17,43657257,1.10417521,0.142872166,1.04E-14,T,C,0.346664544
"DND1P1_T cell, CD4, memory TREG",DND1P1,"T cell, CD4, memory TREG","T cell, CD4, memory TREG.txt",Wald_ratio,1,-0.001362812,0.000351146,NA,NA,0.000104011,NA,NA,NA,NA,NA,NA,NA,0.020846426,breast cancer,ukb-b-16890,rs79742625,17,43657257,1.088418953,0.160768569,1.25E-11,T,C,0.33252131
"KANSL1-AS1_T cell, CD4, naive activated",KANSL1-AS1,"T cell, CD4, naive activated","T cell, CD4, naive activated.txt",Wald_ratio,1,-0.001373352,0.000353862,NA,NA,0.000104011,NA,NA,NA,NA,NA,NA,NA,0.020846426,breast cancer,ukb-b-16890,rs79742625,17,43657257,1.080065633,0.156910639,5.67E-12,T,C,0.331847714
"DND1P1_T cell, CD8, naive",DND1P1,"T cell, CD8, naive","T cell, CD8, naive.txt",Wald_ratio,1,-0.001323217,0.000340944,NA,NA,0.000104011,NA,NA,NA,NA,NA,NA,NA,0.020846426,breast cancer,ukb-b-16890,rs79742625,17,43657257,1.120987587,0.150372423,8.96E-14,T,C,0.346431216
"RP11-259G18.3_T cell, CD8, naive activated",RP11-259G18.3,"T cell, CD8, naive activated","T cell, CD8, naive activated.txt",Wald_ratio,1,-0.001313721,0.000338497,NA,NA,0.000104011,NA,NA,NA,NA,NA,NA,NA,0.020846426,breast cancer,ukb-b-16890,rs79742625,17,43657257,1.129090516,0.155810201,4.13E-13,T,C,0.288045592
"DND1P1_T cell, CD4, TH1",DND1P1,"T cell, CD4, TH1","T cell, CD4, TH1.txt",Wald_ratio,1,-0.001233797,0.000317904,NA,NA,0.000104011,NA,NA,NA,NA,NA,NA,NA,0.020846426,breast cancer,ukb-b-16890,rs79742625,17,43657257,1.202231663,0.1699489,1.46E-12,T,C,0.336550278
"DND1P1_T cell, CD4, TH1 TH17",DND1P1,"T cell, CD4, TH1 TH17","T cell, CD4, TH1 TH17.txt",Wald_ratio,1,-0.001307551,0.000336907,NA,NA,0.000104011,NA,NA,NA,NA,NA,NA,NA,0.020846426,breast cancer,ukb-b-16890,rs79742625,17,43657257,1.134418704,0.166470445,9.43E-12,T,C,0.290690425
"PRC1-AS1_T cell, CD4, TH2",PRC1-AS1,"T cell, CD4, TH2","T cell, CD4, TH2.txt",Wald_ratio,1,0.001793261,0.000461718,NA,NA,0.000102799,NA,NA,NA,NA,NA,NA,NA,0.020846426,breast cancer,ukb-b-16890,rs8036115,15,91528961,-0.887801472,0.142904011,5.07E-10,A,G,0.576970565
"RP11-259G18.3_Monocyte, classical",RP11-259G18.3,"Monocyte, classical","Monocyte, classical.txt",Wald_ratio,1,-0.001472767,0.000384598,NA,NA,0.000128473,NA,NA,NA,NA,NA,NA,NA,0.02545654,breast cancer,ukb-b-16890,rs141783865,17,44755729,0.961713754,0.174989562,3.82E-08,C,A,0.461307595
"EMB_T cell, CD4, TH2",EMB,"T cell, CD4, TH2","T cell, CD4, TH2.txt",Wald_ratio,1,0.001460689,0.000384162,NA,NA,0.000143375,NA,NA,NA,NA,NA,NA,NA,0.028090315,breast cancer,ukb-b-16890,rs7712749,5,49696275,0.793919866,0.138718593,1.02E-08,T,G,0.142133477
"STAG3L5P_T cell, CD4, TH17",STAG3L5P,"T cell, CD4, TH17","T cell, CD4, TH17.txt",Wald_ratio,1,0.001037038,0.000276658,NA,NA,0.000177928,NA,NA,NA,NA,NA,NA,NA,0.033005602,breast cancer,ukb-b-16890,rs112622797,7,99917416,1.408896703,0.188659481,7.90E-14,A,G,0.006444788
"STAG3L5P_T cell, CD8, naive",STAG3L5P,"T cell, CD8, naive","T cell, CD8, naive.txt",Wald_ratio,1,0.0010086,0.000269071,NA,NA,0.000177928,NA,NA,NA,NA,NA,NA,NA,0.033005602,breast cancer,ukb-b-16890,rs112622797,7,99917416,1.448621913,0.190609242,2.96E-14,A,G,0.04114404
"STAG3L5P_T cell, CD4, naive TREG",STAG3L5P,"T cell, CD4, naive TREG","T cell, CD4, naive TREG.txt",Wald_ratio,1,0.001030683,0.000274962,NA,NA,0.000177928,NA,NA,NA,NA,NA,NA,NA,0.033005602,breast cancer,ukb-b-16890,rs112622797,7,99917416,1.417584322,0.182339279,7.43E-15,A,G,0.001065401
"STAG3L5P_T cell, CD4, TFH",STAG3L5P,"T cell, CD4, TFH","T cell, CD4, TFH.txt",Wald_ratio,1,0.001038044,0.000276926,NA,NA,0.000177928,NA,NA,NA,NA,NA,NA,NA,0.033005602,breast cancer,ukb-b-16890,rs112622797,7,99917416,1.407531465,0.190039479,1.26E-13,A,G,0.067849706
"STAG3L5P_T cell, CD4, naive",STAG3L5P,"T cell, CD4, naive","T cell, CD4, naive.txt",Wald_ratio,1,0.001120846,0.000299016,NA,NA,0.000177928,NA,NA,NA,NA,NA,NA,NA,0.033005602,breast cancer,ukb-b-16890,rs112622797,7,99917416,1.303550662,0.189004314,5.30E-12,A,G,0.075331181
"CLEC17A_Monocyte, classical",CLEC17A,"Monocyte, classical","Monocyte, classical.txt",Wald_ratio,1,0.001323382,0.000354422,NA,NA,0.000188528,NA,NA,NA,NA,NA,NA,NA,0.034603743,breast cancer,ukb-b-16890,rs10404194,19,14719854,0.905233862,0.142974355,2.36E-10,C,T,0.000871731
"CYBRD1_Monocyte, non-classical",CYBRD1,"Monocyte, non-classical","Monocyte, non-classical.txt",Wald_ratio,1,0.001055855,0.000283451,NA,NA,0.000195316,NA,NA,NA,NA,NA,NA,NA,0.035476297,breast cancer,ukb-b-16890,rs3731976,2,172378893,-1.104204719,0.0001,2.23E-24,A,G,0.133395775
"CBLN3_Monocyte, non-classical",CBLN3,"Monocyte, non-classical","Monocyte, non-classical.txt",Wald_ratio,1,-0.001264009,0.00034936,NA,NA,0.000296803,NA,NA,NA,NA,NA,NA,NA,0.046614724,breast cancer,ukb-b-16890,rs1956905,14,24900209,0.977746076,0.129311705,3.83E-14,G,C,0.088915347
"CBLN3_T cell, CD4, TH1 TH17",CBLN3,"T cell, CD4, TH1 TH17","T cell, CD4, TH1 TH17.txt",Wald_ratio,1,-0.001168249,0.000320653,NA,NA,0.000269119,NA,NA,NA,NA,NA,NA,NA,0.046614724,breast cancer,ukb-b-16890,rs2273629,14,24898751,1.068214226,0.00001,3.38E-17,A,G,0.115452349
"DND1P1_T cell, CD4, TFH",DND1P1,"T cell, CD4, TFH","T cell, CD4, TFH.txt",Wald_ratio,1,-0.000864749,0.000240416,NA,NA,0.000322047,NA,NA,NA,NA,NA,NA,NA,0.046614724,breast cancer,ukb-b-16890,rs2429449,17,44296224,1.678220391,0.211424324,1.93E-15,T,C,0.239461351
"KANSL1-AS1_T cell, CD8, naive activated",KANSL1-AS1,"T cell, CD8, naive activated","T cell, CD8, naive activated.txt",Wald_ratio,1,-0.00092864,0.000258179,NA,NA,0.000322047,NA,NA,NA,NA,NA,NA,NA,0.046614724,breast cancer,ukb-b-16890,rs2429449,17,44296224,1.562757715,0.206764157,3.98E-14,T,C,0.020258875
"RP11-707O23.5_T cell, CD4, TH2",RP11-707O23.5,"T cell, CD4, TH2","T cell, CD4, TH2.txt",Wald_ratio,1,-0.000902444,0.000250896,NA,NA,0.000322047,NA,NA,NA,NA,NA,NA,NA,0.046614724,breast cancer,ukb-b-16890,rs2429449,17,44296224,1.608121376,0.206400845,6.36E-15,T,C,0.164962635
"RP11-707O23.5_T cell, CD8, naive",RP11-707O23.5,"T cell, CD8, naive","T cell, CD8, naive.txt",Wald_ratio,1,-0.000962282,0.000267532,NA,NA,0.000322047,NA,NA,NA,NA,NA,NA,NA,0.046614724,breast cancer,ukb-b-16890,rs2429449,17,44296224,1.508123325,0.203832328,1.37E-13,T,C,0.160163343
"RP11-707O23.5_T cell, CD4, TH17",RP11-707O23.5,"T cell, CD4, TH17","T cell, CD4, TH17.txt",Wald_ratio,1,-0.000970747,0.000269885,NA,NA,0.000322047,NA,NA,NA,NA,NA,NA,NA,0.046614724,breast cancer,ukb-b-16890,rs2429449,17,44296224,1.494972683,0.220097221,1.08E-11,T,C,0.336562592
"RP11-259G18.3_T cell, CD4, TH17",RP11-259G18.3,"T cell, CD4, TH17","T cell, CD4, TH17.txt",Wald_ratio,1,-0.00102536,0.000285069,NA,NA,0.000322047,NA,NA,NA,NA,NA,NA,NA,0.046614724,breast cancer,ukb-b-16890,rs2429449,17,44296224,1.415347178,0.210492785,1.73E-11,T,C,0.336557136
"RP11-707O23.5_T cell, CD8, naive activated",RP11-707O23.5,"T cell, CD8, naive activated","T cell, CD8, naive activated.txt",Wald_ratio,1,-0.000931539,0.000258985,NA,NA,0.000322047,NA,NA,NA,NA,NA,NA,NA,0.046614724,breast cancer,ukb-b-16890,rs2429449,17,44296224,1.557894979,0.214516936,3.71E-13,T,C,0.020258392
"RP11-707O23.5_T cell, CD4, TFH",RP11-707O23.5,"T cell, CD4, TFH","T cell, CD4, TFH.txt",Wald_ratio,1,-0.000848315,0.000235847,NA,NA,0.000322047,NA,NA,NA,NA,NA,NA,NA,0.046614724,breast cancer,ukb-b-16890,rs2429449,17,44296224,1.710731548,0.20848346,3.14E-16,T,C,0.239461351
"RP11-707O23.5_T cell, CD4, TH1",RP11-707O23.5,"T cell, CD4, TH1","T cell, CD4, TH1.txt",Wald_ratio,1,-0.000857147,0.000238302,NA,NA,0.000322047,NA,NA,NA,NA,NA,NA,NA,0.046614724,breast cancer,ukb-b-16890,rs2429449,17,44296224,1.693105481,0.231567123,2.58E-13,T,C,0.331176559
"KANSL1-AS1_Monocyte, classical",KANSL1-AS1,"Monocyte, classical","Monocyte, classical.txt",Wald_ratio,1,-0.001185753,0.000330582,NA,NA,0.000334678,NA,NA,NA,NA,NA,NA,NA,0.046614724,breast cancer,ukb-b-16890,rs373695612,17,44360349,1.220853228,0.148811597,2.07E-16,G,A,0.348098194
"KANSL1-AS1_NK cell, CD56dim CD16+",KANSL1-AS1,"NK cell, CD56dim CD16+","NK cell, CD56dim CD16+.txt",Wald_ratio,1,-0.001231893,0.000343446,NA,NA,0.000334678,NA,NA,NA,NA,NA,NA,NA,0.046614724,breast cancer,ukb-b-16890,rs373695612,17,44360349,1.175126736,0.149701837,4.06E-15,G,A,0.369818876
"RP11-259G18.3_T cell, CD4, memory TREG",RP11-259G18.3,"T cell, CD4, memory TREG","T cell, CD4, memory TREG.txt",Wald_ratio,1,-0.001140028,0.000317834,NA,NA,0.000334678,NA,NA,NA,NA,NA,NA,NA,0.046614724,breast cancer,ukb-b-16890,rs373695612,17,44360349,1.269820205,0.0001,6.39E-17,G,A,0.374365574
"KANSL1-AS1_B cell, naive",KANSL1-AS1,"B cell, naive",B_CELL_NAIVE.txt,Wald_ratio,1,-0.001394449,0.000388765,NA,NA,0.000334678,NA,NA,NA,NA,NA,NA,NA,0.046614724,breast cancer,ukb-b-16890,rs373695612,17,44360349,1.038137999,0.135089483,1.47E-14,G,A,0.386468079
"KANSL1-AS1_T cell, CD4, TFH",KANSL1-AS1,"T cell, CD4, TFH","T cell, CD4, TFH.txt",Wald_ratio,1,-0.00121151,0.000337763,NA,NA,0.000334678,NA,NA,NA,NA,NA,NA,NA,0.046614724,breast cancer,ukb-b-16890,rs373695612,17,44360349,1.194897739,0.148693248,8.49E-16,G,A,0.2675192
"RP11-259G18.3_T cell, CD4, TH1 TH17",RP11-259G18.3,"T cell, CD4, TH1 TH17","T cell, CD4, TH1 TH17.txt",Wald_ratio,1,-0.001276887,0.00035599,NA,NA,0.000334678,NA,NA,NA,NA,NA,NA,NA,0.046614724,breast cancer,ukb-b-16890,rs373695612,17,44360349,1.133718265,0.165443045,7.23E-12,G,A,0.275791268
"RP11-707O23.5_T cell, CD4, memory TREG",RP11-707O23.5,"T cell, CD4, memory TREG","T cell, CD4, memory TREG.txt",Wald_ratio,1,-0.001175041,0.000327596,NA,NA,0.000334678,NA,NA,NA,NA,NA,NA,NA,0.046614724,breast cancer,ukb-b-16890,rs373695612,17,44360349,1.231982227,0.153304944,8.00E-16,G,A,0.374365574
"LOXL1-AS1_T cell, CD8, naive activated",LOXL1-AS1,"T cell, CD8, naive activated","T cell, CD8, naive activated.txt",Wald_ratio,1,0.001409296,0.000390726,NA,NA,0.000309923,NA,NA,NA,NA,NA,NA,NA,0.046614724,breast cancer,ukb-b-16890,rs4461027,15,74211548,0.791239051,0.142975321,3.06E-08,T,C,0.023044352
"RP11-259G18.1_T cell, CD4, TH1",RP11-259G18.1,"T cell, CD4, TH1","T cell, CD4, TH1.txt",Wald_ratio,1,0.001312768,0.000362282,NA,NA,0.000290527,NA,NA,NA,NA,NA,NA,NA,0.046614724,breast cancer,ukb-b-16890,rs4988900,17,44342378,0.8615461,0.154666,2.49E-08,A,G,0.329391907
"TNNT3_T cell, CD4, naive TREG",TNNT3,"T cell, CD4, naive TREG","T cell, CD4, naive TREG.txt",Wald_ratio,1,0.001465155,0.000407593,NA,NA,0.000324824,NA,NA,NA,NA,NA,NA,NA,0.046614724,breast cancer,ukb-b-16890,rs569550,11,1887068,-0.767768456,0.133044244,7.69E-09,G,T,0.008317919
"TESK2_B cell, naive",TESK2,"B cell, naive",B_CELL_NAIVE.txt,Wald_ratio,1,-0.001102869,0.000303804,NA,NA,0.000283199,NA,NA,NA,NA,NA,NA,NA,0.046614724,breast cancer,ukb-b-16890,rs61788281,1,45907180,1.163211313,0.0001,1.08E-17,G,A,0.000539145
"STAG3L5P_T cell, CD4, TH1",STAG3L5P,"T cell, CD4, TH1","T cell, CD4, TH1.txt",Wald_ratio,1,0.000939326,0.000260202,NA,NA,0.000306212,NA,NA,NA,NA,NA,NA,NA,0.046614724,breast cancer,ukb-b-16890,rs73405353,7,100091215,1.476909722,0.20314976,3.50E-13,A,G,0.076732803
"STAG3L5P_NK cell, CD56dim CD16+",STAG3L5P,"NK cell, CD56dim CD16+","NK cell, CD56dim CD16+.txt",Wald_ratio,1,0.000999358,0.000276832,NA,NA,0.000306212,NA,NA,NA,NA,NA,NA,NA,0.046614724,breast cancer,ukb-b-16890,rs73405353,7,100091215,1.38819071,0.194413168,9.06E-13,A,G,0.072026765
"TNNT3_T cell, CD8, naive activated",TNNT3,"T cell, CD8, naive activated","T cell, CD8, naive activated.txt",Wald_ratio,1,0.001557695,0.000432365,NA,NA,0.000314896,NA,NA,NA,NA,NA,NA,NA,0.046614724,breast cancer,ukb-b-16890,rs735955,11,1943120,-0.73754499,0.133082832,2.92E-08,A,G,0.005426027
"TNNT3_T cell, CD4, memory TREG",TNNT3,"T cell, CD4, memory TREG","T cell, CD4, memory TREG.txt",Wald_ratio,1,0.001438918,0.000399397,NA,NA,0.000314896,NA,NA,NA,NA,NA,NA,NA,0.046614724,breast cancer,ukb-b-16890,rs735955,11,1943120,-0.798426441,0.12902792,5.91E-10,A,G,0.033944631
"TNNT3_T cell, CD4, TH1",TNNT3,"T cell, CD4, TH1","T cell, CD4, TH1.txt",Wald_ratio,1,0.00137474,0.000381583,NA,NA,0.000314896,NA,NA,NA,NA,NA,NA,NA,0.046614724,breast cancer,ukb-b-16890,rs735955,11,1943120,-0.835699766,0.133563839,3.81E-10,A,G,0.073990153
"TNNT3_T cell, CD4, TH2",TNNT3,"T cell, CD4, TH2","T cell, CD4, TH2.txt",Wald_ratio,1,0.001473136,0.000408895,NA,NA,0.000314896,NA,NA,NA,NA,NA,NA,NA,0.046614724,breast cancer,ukb-b-16890,rs735955,11,1943120,-0.779880698,0.131837268,3.22E-09,A,G,0.000452983
"TNNT3_T cell, CD4, TH17",TNNT3,"T cell, CD4, TH17","T cell, CD4, TH17.txt",Wald_ratio,1,0.001416718,0.000393235,NA,NA,0.000314896,NA,NA,NA,NA,NA,NA,NA,0.046614724,breast cancer,ukb-b-16890,rs735955,11,1943120,-0.810937858,0.128208192,2.45E-10,A,G,0.016571603
"RP11-259G18.3_B cell, naive",RP11-259G18.3,"B cell, naive",B_CELL_NAIVE.txt,Wald_ratio,1,-0.00120498,0.0003361,NA,NA,0.000336839,NA,NA,NA,NA,NA,NA,NA,0.046614724,breast cancer,ukb-b-16890,rs75342548,17,44356394,1.201414526,0.173473991,4.22E-12,G,T,0.384764469
"STAG3L5P-PVRIG2P-PILRB_T cell, CD4, naive",STAG3L5P-PVRIG2P-PILRB,"T cell, CD4, naive","T cell, CD4, naive.txt",Wald_ratio,1,0.001063874,0.000298046,NA,NA,0.000357671,NA,NA,NA,NA,NA,NA,NA,0.04910793,breast cancer,ukb-b-16890,rs6946768,7,99954393,1.30720391,0.203823311,1.42E-10,A,G,0.075331142
"PILRA_T cell, CD4, TH17",PILRA,"T cell, CD4, TH17","T cell, CD4, TH17.txt",Wald_ratio,1,0.000965722,0.000273438,NA,NA,0.000412778,NA,NA,NA,NA,NA,NA,NA,0.04958939,breast cancer,ukb-b-16890,rs1063945,7,99930447,1.417385311,0.176361014,9.51E-16,T,C,0.005872051
"PILRB_Monocyte, non-classical",PILRB,"Monocyte, non-classical","Monocyte, non-classical.txt",Wald_ratio,1,0.000951022,0.000269276,NA,NA,0.000412778,NA,NA,NA,NA,NA,NA,NA,0.04958939,breast cancer,ukb-b-16890,rs1063945,7,99930447,1.439294061,0.175419779,1.71E-16,T,C,0.048478755
"PILRB_T cell, CD4, TH1 TH17",PILRB,"T cell, CD4, TH1 TH17","T cell, CD4, TH1 TH17.txt",Wald_ratio,1,0.000951855,0.000269512,NA,NA,0.000412778,NA,NA,NA,NA,NA,NA,NA,0.04958939,breast cancer,ukb-b-16890,rs1063945,7,99930447,1.438034462,0.176979457,4.77E-16,T,C,0.011102771
"PILRB_T cell, CD4, TFH",PILRB,"T cell, CD4, TFH","T cell, CD4, TFH.txt",Wald_ratio,1,0.00094862,0.000268596,NA,NA,0.000412778,NA,NA,NA,NA,NA,NA,NA,0.04958939,breast cancer,ukb-b-16890,rs1063945,7,99930447,1.442938245,0.175863675,2.88E-16,T,C,0.067774703
"PILRB_T cell, CD4, TH17",PILRB,"T cell, CD4, TH17","T cell, CD4, TH17.txt",Wald_ratio,1,0.000962131,0.000272421,NA,NA,0.000412778,NA,NA,NA,NA,NA,NA,NA,0.04958939,breast cancer,ukb-b-16890,rs1063945,7,99930447,1.422675731,0.176248483,6.97E-16,T,C,0.005872051
"PILRB_T cell, CD8, naive",PILRB,"T cell, CD8, naive","T cell, CD8, naive.txt",Wald_ratio,1,0.000943937,0.00026727,NA,NA,0.000412778,NA,NA,NA,NA,NA,NA,NA,0.04958939,breast cancer,ukb-b-16890,rs1063945,7,99930447,1.450096142,0.176645575,2.94E-16,T,C,0.041068463
"PILRB_T cell, CD4, naive TREG",PILRB,"T cell, CD4, naive TREG","T cell, CD4, naive TREG.txt",Wald_ratio,1,0.00094647,0.000267987,NA,NA,0.000412778,NA,NA,NA,NA,NA,NA,NA,0.04958939,breast cancer,ukb-b-16890,rs1063945,7,99930447,1.446215778,0.17626291,2.11E-16,T,C,0.001065115
"PILRB_T cell, CD4, TH2",PILRB,"T cell, CD4, TH2","T cell, CD4, TH2.txt",Wald_ratio,1,0.001004261,0.00028435,NA,NA,0.000412778,NA,NA,NA,NA,NA,NA,NA,0.04958939,breast cancer,ukb-b-16890,rs1063945,7,99930447,1.362992853,0.169596961,9.21E-16,T,C,0.023492368
"PILRB_T cell, CD4, naive activated",PILRB,"T cell, CD4, naive activated","T cell, CD4, naive activated.txt",Wald_ratio,1,0.000949602,0.000268874,NA,NA,0.000412778,NA,NA,NA,NA,NA,NA,NA,0.04958939,breast cancer,ukb-b-16890,rs1063945,7,99930447,1.441446656,0.177489374,5.12E-16,T,C,0.078383223
"STAG3L5P_T cell, CD4, memory TREG",STAG3L5P,"T cell, CD4, memory TREG","T cell, CD4, memory TREG.txt",Wald_ratio,1,0.001111721,0.000317145,NA,NA,0.00045592,NA,NA,NA,NA,NA,NA,NA,0.04958939,breast cancer,ukb-b-16890,rs111963714,7,99948655,1.223616782,0.160291419,2.20E-14,G,T,0.080618409
"STAG3L5P_Monocyte, non-classical",STAG3L5P,"Monocyte, non-classical","Monocyte, non-classical.txt",Wald_ratio,1,0.001331995,0.000379984,NA,NA,0.00045592,NA,NA,NA,NA,NA,NA,NA,0.04958939,breast cancer,ukb-b-16890,rs111963714,7,99948655,1.021265072,0.167837756,1.14E-09,G,T,0.048478755
"PILRA_B cell, naive",PILRA,"B cell, naive",B_CELL_NAIVE.txt,Wald_ratio,1,0.001070933,0.000303228,NA,NA,0.000412778,NA,NA,NA,NA,NA,NA,NA,0.04958939,breast cancer,ukb-b-16890,rs142473518,7,99894971,1.278137992,0.182634127,2.52E-12,G,A,0.026436498
"PILRA_T cell, CD4, memory TREG",PILRA,"T cell, CD4, memory TREG","T cell, CD4, memory TREG.txt",Wald_ratio,1,0.001140075,0.000322805,NA,NA,0.000412778,NA,NA,NA,NA,NA,NA,NA,0.04958939,breast cancer,ukb-b-16890,rs142473518,7,99894971,1.20062303,0.19421832,6.21E-10,G,A,0.080618409
"PILRA_T cell, CD4, naive TREG",PILRA,"T cell, CD4, naive TREG","T cell, CD4, naive TREG.txt",Wald_ratio,1,0.001031614,0.000292095,NA,NA,0.000412778,NA,NA,NA,NA,NA,NA,NA,0.04958939,breast cancer,ukb-b-16890,rs142473518,7,99894971,1.326852621,0.185566413,8.42E-13,G,A,0.001065401
"PILRA_NK cell, CD56dim CD16+",PILRA,"NK cell, CD56dim CD16+","NK cell, CD56dim CD16+.txt",Wald_ratio,1,0.001032305,0.000292291,NA,NA,0.000412778,NA,NA,NA,NA,NA,NA,NA,0.04958939,breast cancer,ukb-b-16890,rs142473518,7,99894971,1.325964702,0.178540858,1.08E-13,G,A,0.003198999
"RPS23_T cell, CD4, naive activated",RPS23,"T cell, CD4, naive activated","T cell, CD4, naive activated.txt",Wald_ratio,1,0.001228771,0.000345477,NA,NA,0.00037549,NA,NA,NA,NA,NA,NA,NA,0.04958939,breast cancer,ukb-b-16890,rs1825198,5,81278217,0.961724921,0.143867271,2.24E-11,A,G,0.020211513
"PILRA_T cell, CD8, naive",PILRA,"T cell, CD8, naive","T cell, CD8, naive.txt",Wald_ratio,1,0.000965107,0.000273478,NA,NA,0.00041712,NA,NA,NA,NA,NA,NA,NA,0.04958939,breast cancer,ukb-b-16890,rs182703269,7,99934453,1.417168653,0.182615352,8.50E-15,A,G,0.041012344
"PILRA_T cell, CD4, naive",PILRA,"T cell, CD4, naive","T cell, CD4, naive.txt",Wald_ratio,1,0.000997791,0.000283402,NA,NA,0.000430304,NA,NA,NA,NA,NA,NA,NA,0.04958939,breast cancer,ukb-b-16890,rs190448056,7,99934192,1.367510751,0.19214692,1.10E-12,C,T,0.07542828
"WNT3_B cell, naive",WNT3,"B cell, naive",B_CELL_NAIVE.txt,Wald_ratio,1,-0.001357794,0.000387172,NA,NA,0.00045327,NA,NA,NA,NA,NA,NA,NA,0.04958939,breast cancer,ukb-b-16890,rs199455,17,44799216,-0.916832637,0.0001,9.38E-18,T,C,0.08876569
"AC034220.3_B cell, naive",AC034220.3,"B cell, naive",B_CELL_NAIVE.txt,Wald_ratio,1,0.001421639,0.000401491,NA,NA,0.000398761,NA,NA,NA,NA,NA,NA,NA,0.04958939,breast cancer,ukb-b-16890,rs272856,5,131687081,0.830724018,0.134047579,5.58E-10,C,G,0.023351446
"STAG3L5P_T cell, CD4, naive activated",STAG3L5P,"T cell, CD4, naive activated","T cell, CD4, naive activated.txt",Wald_ratio,1,0.00118386,0.000337458,NA,NA,0.000451205,NA,NA,NA,NA,NA,NA,NA,0.04958939,breast cancer,ukb-b-16890,rs28401739,7,99905684,1.147584633,0.185130389,5.57E-10,G,A,0.078383223
"STAG3L5P_B cell, naive",STAG3L5P,"B cell, naive",B_CELL_NAIVE.txt,Wald_ratio,1,0.001223884,0.000348867,NA,NA,0.000451205,NA,NA,NA,NA,NA,NA,NA,0.04958939,breast cancer,ukb-b-16890,rs28401739,7,99905684,1.110056174,0.181122383,8.67E-10,G,A,0.025583934
"STAG3L5P_T cell, CD8, naive activated",STAG3L5P,"T cell, CD8, naive activated","T cell, CD8, naive activated.txt",Wald_ratio,1,0.001195705,0.000340835,NA,NA,0.000451205,NA,NA,NA,NA,NA,NA,NA,0.04958939,breast cancer,ukb-b-16890,rs28401739,7,99905684,1.136216841,0.18732767,1.29E-09,G,A,0.070685725
"PILRB_T cell, CD4, TH1",PILRB,"T cell, CD4, TH1","T cell, CD4, TH1.txt",Wald_ratio,1,0.00097233,0.000273266,NA,NA,0.00037344,NA,NA,NA,NA,NA,NA,NA,0.04958939,breast cancer,ukb-b-16890,rs377671442,7,99938205,1.425143915,0.19508158,2.69E-13,G,T,0.016762518
"PILRA_T cell, CD4, naive activated",PILRA,"T cell, CD4, naive activated","T cell, CD4, naive activated.txt",Wald_ratio,1,0.001046483,0.000294107,NA,NA,0.00037344,NA,NA,NA,NA,NA,NA,NA,0.04958939,breast cancer,ukb-b-16890,rs377671442,7,99938205,1.324158742,0.189038,2.41E-12,G,T,0.078383223
"CBLN3_T cell, CD4, TH17",CBLN3,"T cell, CD4, TH17","T cell, CD4, TH17.txt",Wald_ratio,1,-0.001037952,0.000295025,NA,NA,0.000434507,NA,NA,NA,NA,NA,NA,NA,0.04958939,breast cancer,ukb-b-16890,rs4982912,14,24903284,1.161797495,0.0001,1.09E-20,G,A,0.077005051
"CBLN3_B cell, naive",CBLN3,"B cell, naive",B_CELL_NAIVE.txt,Wald_ratio,1,-0.001067533,0.000303433,NA,NA,0.000434507,NA,NA,NA,NA,NA,NA,NA,0.04958939,breast cancer,ukb-b-16890,rs4982912,14,24903284,1.129604532,0.0001,3.59E-18,G,A,0.077006777
"STAG3L5P-PVRIG2P-PILRB_T cell, CD8, naive activated",STAG3L5P-PVRIG2P-PILRB,"T cell, CD8, naive activated","T cell, CD8, naive activated.txt",Wald_ratio,1,0.001173206,0.000333597,NA,NA,0.000436727,NA,NA,NA,NA,NA,NA,NA,0.04958939,breast cancer,ukb-b-16890,rs705866,7,99965285,1.16806466,0.206160095,1.44E-08,C,T,0.070544163
"PILRB_NK cell, CD56dim CD16+",PILRB,"NK cell, CD56dim CD16+","NK cell, CD56dim CD16+.txt",Wald_ratio,1,0.001021892,0.000291888,NA,NA,0.000463559,NA,NA,NA,NA,NA,NA,NA,0.04958939,breast cancer,ukb-b-16890,rs7795805,7,99950408,1.329376839,0.164696688,6.85E-16,G,A,0.003254259
"PILRB_B cell, naive",PILRB,"B cell, naive",B_CELL_NAIVE.txt,Wald_ratio,1,0.001003312,0.000286581,NA,NA,0.000463559,NA,NA,NA,NA,NA,NA,NA,0.04958939,breast cancer,ukb-b-16890,rs7795805,7,99950408,1.353995478,0.171785944,3.18E-15,G,A,0.026436498
"PILRB_T cell, CD8, naive activated",PILRB,"T cell, CD8, naive activated","T cell, CD8, naive activated.txt",Wald_ratio,1,0.000957096,0.00027338,NA,NA,0.000463559,NA,NA,NA,NA,NA,NA,NA,0.04958939,breast cancer,ukb-b-16890,rs7795805,7,99950408,1.419377451,0.0001,1.11E-16,G,A,0.070544163
"PILRB_T cell, CD4, naive",PILRB,"T cell, CD4, naive","T cell, CD4, naive.txt",Wald_ratio,1,0.000953733,0.000272419,NA,NA,0.000463559,NA,NA,NA,NA,NA,NA,NA,0.04958939,breast cancer,ukb-b-16890,rs7799932,7,99950508,1.424382469,0.178245536,1.26E-15,C,G,0.075428241
"PILRB_T cell, CD4, memory TREG",PILRB,"T cell, CD4, memory TREG","T cell, CD4, memory TREG.txt",Wald_ratio,1,0.000889095,0.000253956,NA,NA,0.000463559,NA,NA,NA,NA,NA,NA,NA,0.04958939,breast cancer,ukb-b-16890,rs7799932,7,99950508,1.527935664,0.0001,1.36E-17,C,G,0.080618409
"PILRA_T cell, CD4, TH1 TH17",PILRA,"T cell, CD4, TH1 TH17","T cell, CD4, TH1 TH17.txt",Wald_ratio,1,0.000950621,0.00027153,NA,NA,0.000463559,NA,NA,NA,NA,NA,NA,NA,0.04958939,breast cancer,ukb-b-16890,rs7799932,7,99950508,1.429044917,0.183983172,8.09E-15,C,G,0.010936504
"PILRA_T cell, CD4, TH2",PILRA,"T cell, CD4, TH2","T cell, CD4, TH2.txt",Wald_ratio,1,0.000978541,0.000279505,NA,NA,0.000463559,NA,NA,NA,NA,NA,NA,NA,0.04958939,breast cancer,ukb-b-16890,rs7799932,7,99950508,1.388270889,0.174913397,2.05E-15,C,G,0.023482236
"NECAP2_Monocyte, classical",NECAP2,"Monocyte, classical","Monocyte, classical.txt",Wald_ratio,1,-0.001104537,0.000312873,NA,NA,0.000415082,NA,NA,NA,NA,NA,NA,NA,0.04958939,breast cancer,ukb-b-16890,rs821000,1,16773880,-1.097410497,0.151697463,4.52E-13,G,A,0.064674573
"PILRA_T cell, CD4, TH1",PILRA,"T cell, CD4, TH1","T cell, CD4, TH1.txt",Wald_ratio,1,0.000935075,0.000267253,NA,NA,0.000467293,NA,NA,NA,NA,NA,NA,NA,0.049684068,breast cancer,ukb-b-16890,rs111344110,7,99895309,1.452064726,0.206967766,2.23E-12,G,C,0.016760218
"HLA-DRB1_T cell, CD4, naive",HLA-DRB1,"T cell, CD4, naive","T cell, CD4, naive.txt",Wald_ratio,1,-0.000839801,0.000144061,NA,NA,5.56E-09,NA,NA,NA,NA,NA,NA,NA,7.55E-05,cervical cancer,ukb-b-8777,rs9270335,6,32557913,-1.08055206,0.192091981,1.85E-08,G,A,1.42E-07
"HLA-DQA2_T cell, CD4, TH1",HLA-DQA2,"T cell, CD4, TH1","T cell, CD4, TH1.txt",Wald_ratio,1,0.000970331,0.000192936,NA,NA,4.92E-07,NA,NA,NA,NA,NA,NA,NA,0.000556979,cervical cancer,ukb-b-8777,rs113011827,6,32513453,0.767149729,0.128770824,2.49E-09,T,C,0.000642221
"HLA-DQB2_T cell, CD4, TH1",HLA-DQB2,"T cell, CD4, TH1","T cell, CD4, TH1.txt",Wald_ratio,1,0.000657953,0.000127894,NA,NA,2.68E-07,NA,NA,NA,NA,NA,NA,NA,0.000556979,cervical cancer,ukb-b-8777,rs28383397,6,32607820,1.092938207,0.140062242,5.84E-15,T,G,0.000641386
"HLA-DQA2_T cell, CD4, TFH",HLA-DQA2,"T cell, CD4, TFH","T cell, CD4, TFH.txt",Wald_ratio,1,0.000903419,0.000179303,NA,NA,4.69E-07,NA,NA,NA,NA,NA,NA,NA,0.000556979,cervical cancer,ukb-b-8777,rs586610,6,32572311,0.825916055,0.140549691,4.09E-09,C,T,0.002226267
"HLA-DQB2_T cell, CD4, TH17",HLA-DQB2,"T cell, CD4, TH17","T cell, CD4, TH17.txt",Wald_ratio,1,0.000654922,0.000129967,NA,NA,4.68E-07,NA,NA,NA,NA,NA,NA,NA,0.000556979,cervical cancer,ukb-b-8777,rs9272319,6,32604108,1.070511445,0.0001,1.17E-18,C,T,0.000412969
"HLA-DQB2_T cell, CD4, TH2",HLA-DQB2,"T cell, CD4, TH2","T cell, CD4, TH2.txt",Wald_ratio,1,0.000659868,0.000130948,NA,NA,4.68E-07,NA,NA,NA,NA,NA,NA,NA,0.000556979,cervical cancer,ukb-b-8777,rs9272319,6,32604108,1.062486679,0.0001,1.85E-18,C,T,2.07E-05
"HLA-DQA2_Monocyte, classical",HLA-DQA2,"Monocyte, classical","Monocyte, classical.txt",Wald_ratio,1,0.000655752,0.000130303,NA,NA,4.84E-07,NA,NA,NA,NA,NA,NA,NA,0.000556979,cervical cancer,ukb-b-8777,rs9272362,6,32604564,1.224144248,0.0001,3.91E-30,T,C,0.049498726
"HLA-DQA2_T cell, CD4, naive activated",HLA-DQA2,"T cell, CD4, naive activated","T cell, CD4, naive activated.txt",Wald_ratio,1,0.000888806,0.000176613,NA,NA,4.84E-07,NA,NA,NA,NA,NA,NA,NA,0.000556979,cervical cancer,ukb-b-8777,rs9272362,6,32604564,0.903161587,0.113619012,1.71E-15,T,C,1.40E-07
"HLA-DQA2_T cell, CD8, naive",HLA-DQA2,"T cell, CD8, naive","T cell, CD8, naive.txt",Wald_ratio,1,0.000806389,0.000160236,NA,NA,4.84E-07,NA,NA,NA,NA,NA,NA,NA,0.000556979,cervical cancer,ukb-b-8777,rs9272362,6,32604564,0.995468841,0.00001,2.13E-17,T,C,0.003451691
"HLA-DQA2_NK cell, CD56dim CD16+",HLA-DQA2,"NK cell, CD56dim CD16+","NK cell, CD56dim CD16+.txt",Wald_ratio,1,0.000782106,0.000155411,NA,NA,4.84E-07,NA,NA,NA,NA,NA,NA,NA,0.000556979,cervical cancer,ukb-b-8777,rs9272362,6,32604564,1.026376025,0.0001,1.57E-17,T,C,7.77E-08
"HLA-DQA2_T cell, CD4, TH17",HLA-DQA2,"T cell, CD4, TH17","T cell, CD4, TH17.txt",Wald_ratio,1,0.000799462,0.00015886,NA,NA,4.84E-07,NA,NA,NA,NA,NA,NA,NA,0.000556979,cervical cancer,ukb-b-8777,rs9272362,6,32604564,1.004093558,0.122408196,3.05E-16,T,C,0.000409393
"HLA-DQA2_Monocyte, non-classical",HLA-DQA2,"Monocyte, non-classical","Monocyte, non-classical.txt",Wald_ratio,1,0.000654387,0.000130032,NA,NA,4.84E-07,NA,NA,NA,NA,NA,NA,NA,0.000556979,cervical cancer,ukb-b-8777,rs9272362,6,32604564,1.226696886,0.0001,3.58E-31,T,C,0.035804886
"HLA-DQB2_T cell, CD4, TH1 TH17",HLA-DQB2,"T cell, CD4, TH1 TH17","T cell, CD4, TH1 TH17.txt",Wald_ratio,1,0.000716293,0.000146976,NA,NA,1.10E-06,NA,NA,NA,NA,NA,NA,NA,0.001104154,cervical cancer,ukb-b-8777,rs28383408,6,32608251,0.976137958,0.136060743,7.24E-13,G,C,6.72E-06
"HLA-DRB6_T cell, CD4, TH1 TH17",HLA-DRB6,"T cell, CD4, TH1 TH17","T cell, CD4, TH1 TH17.txt",Wald_ratio,1,0.000821143,0.000169225,NA,NA,1.22E-06,NA,NA,NA,NA,NA,NA,NA,0.001104154,cervical cancer,ukb-b-8777,rs9268889,6,32431886,0.816183837,0.143277873,1.22E-08,G,A,6.72E-06
"HLA-DRB6_Monocyte, classical",HLA-DRB6,"Monocyte, classical","Monocyte, classical.txt",Wald_ratio,1,0.000532474,0.000109735,NA,NA,1.22E-06,NA,NA,NA,NA,NA,NA,NA,0.001104154,cervical cancer,ukb-b-8777,rs9268889,6,32431886,1.258660185,0.0001,4.95E-25,G,A,0.049498749
"HLA-DRB9_B cell, naive",HLA-DRB9,"B cell, naive",B_CELL_NAIVE.txt,Wald_ratio,1,-0.000731729,0.000152181,NA,NA,1.52E-06,NA,NA,NA,NA,NA,NA,NA,0.001291704,cervical cancer,ukb-b-8777,rs71536506,6,32517679,1.112866117,0.20055714,2.83E-08,A,G,1.36E-07
"HLA-DOA_Monocyte, non-classical",HLA-DOA,"Monocyte, non-classical","Monocyte, non-classical.txt",Wald_ratio,1,-0.000703559,0.000168648,NA,NA,3.02E-05,NA,NA,NA,NA,NA,NA,NA,0.024137048,cervical cancer,ukb-b-8777,rs396090,6,32977535,-0.785691248,0.118111046,2.78E-11,A,G,0.035807072
"ALMS1P_T cell, CD8, naive",ALMS1P,"T cell, CD8, naive","T cell, CD8, naive.txt",Wald_ratio,1,0.000570979,0.000137313,NA,NA,3.21E-05,NA,NA,NA,NA,NA,NA,NA,0.024191058,cervical cancer,ukb-b-8777,rs9309473,2,73743982,1.146683546,0.195205213,4.24E-09,G,A,0.201121838
"ALMS1P_T cell, CD4, TFH",ALMS1P,"T cell, CD4, TFH","T cell, CD4, TFH.txt",Wald_ratio,1,0.00053362,0.000129513,NA,NA,3.79E-05,NA,NA,NA,NA,NA,NA,NA,0.025313978,cervical cancer,ukb-b-8777,rs1114380,2,73804708,1.217317068,0.197965923,7.64E-10,G,A,0.210235305
"HLA-DRB6_T cell, CD4, TH1",HLA-DRB6,"T cell, CD4, TH1","T cell, CD4, TH1.txt",Wald_ratio,1,0.00079297,0.000192824,NA,NA,3.92E-05,NA,NA,NA,NA,NA,NA,NA,0.025313978,cervical cancer,ukb-b-8777,rs1130156,6,32610968,0.846895995,0.143893793,3.87E-09,G,A,0.000641794
"NAT8_T cell, CD4, TH2",NAT8,"T cell, CD4, TH2","T cell, CD4, TH2.txt",Wald_ratio,1,0.000605322,0.000146967,NA,NA,3.81E-05,NA,NA,NA,NA,NA,NA,NA,0.025313978,cervical cancer,ukb-b-8777,rs56672945,2,73622663,1.081103056,0.195436556,3.12E-08,T,C,0.194223425
"ALMS1P_T cell, CD4, naive",ALMS1P,"T cell, CD4, naive","T cell, CD4, naive.txt",Wald_ratio,1,0.000490899,0.000121266,NA,NA,5.16E-05,NA,NA,NA,NA,NA,NA,NA,0.029206201,cervical cancer,ukb-b-8777,rs73947808,2,73721250,1.303539205,0.219731214,2.98E-09,C,A,0.22705922
"ALMS1P_T cell, CD4, TH17",ALMS1P,"T cell, CD4, TH17","T cell, CD4, TH17.txt",Wald_ratio,1,0.000468728,0.00011546,NA,NA,4.91E-05,NA,NA,NA,NA,NA,NA,NA,0.029206201,cervical cancer,ukb-b-8777,rs7558944,2,73810909,1.362372223,0.224547695,1.28E-09,G,T,0.198108798
"HLA-DQB2_NK cell, CD56dim CD16+",HLA-DQB2,"NK cell, CD56dim CD16+","NK cell, CD56dim CD16+.txt",Wald_ratio,1,0.000894117,0.000220508,NA,NA,5.02E-05,NA,NA,NA,NA,NA,NA,NA,0.029206201,cervical cancer,ukb-b-8777,rs9394107,6,32620720,0.801624469,0.129459744,5.76E-10,G,A,1.10E-07
"ALMS1P_T cell, CD4, naive TREG",ALMS1P,"T cell, CD4, naive TREG","T cell, CD4, naive TREG.txt",Wald_ratio,1,0.000529824,0.000131955,NA,NA,5.94E-05,NA,NA,NA,NA,NA,NA,NA,0.032255086,cervical cancer,ukb-b-8777,rs11689588,2,73773691,1.194666664,0.215023534,2.72E-08,G,A,0.176657804
"HLA-DQA1_T cell, CD4, TH17",HLA-DQA1,"T cell, CD4, TH17","T cell, CD4, TH17.txt",Wald_ratio,1,0.000744764,0.000187783,NA,NA,7.31E-05,NA,NA,NA,NA,NA,NA,NA,0.038150562,cervical cancer,ukb-b-8777,rs9271344,6,32583328,-0.734931924,0.123513325,2.60E-09,C,T,0.000412969
"CASP8_Monocyte, classical",CASP8,"Monocyte, classical","Monocyte, classical.txt",Wald_ratio,1,-0.168878302,0.035926848,NA,NA,2.59E-06,NA,NA,NA,NA,NA,NA,NA,0.003072338,esophageal cancer,bbj-a-117,rs10804111,2,202145612,1.160800399,0.0001,1.08E-26,T,C,0.912268254
"CASP8_T cell, CD4, naive TREG",CASP8,"T cell, CD4, naive TREG","T cell, CD4, naive TREG.txt",Wald_ratio,1,-0.181124737,0.038532132,NA,NA,2.59E-06,NA,NA,NA,NA,NA,NA,NA,0.003072338,esophageal cancer,bbj-a-117,rs10804111,2,202145612,1.082314891,0.0001,3.95E-20,T,C,0.923310115
"CASP8_T cell, CD4, TH2",CASP8,"T cell, CD4, TH2","T cell, CD4, TH2.txt",Wald_ratio,1,-0.182991484,0.03892926,NA,NA,2.59E-06,NA,NA,NA,NA,NA,NA,NA,0.003072338,esophageal cancer,bbj-a-117,rs10804111,2,202145612,1.071273896,0.0001,6.20E-21,T,C,0.91223215
"CASP8_T cell, CD4, TH1 TH17",CASP8,"T cell, CD4, TH1 TH17","T cell, CD4, TH1 TH17.txt",Wald_ratio,1,-0.178171711,0.037903911,NA,NA,2.59E-06,NA,NA,NA,NA,NA,NA,NA,0.003072338,esophageal cancer,bbj-a-117,rs10804111,2,202145612,1.100253225,0.00001,2.73E-21,T,C,0.919722749
"CASP8_B cell, naive",CASP8,"B cell, naive",B_CELL_NAIVE.txt,Wald_ratio,1,-0.244630548,0.052042237,NA,NA,2.59E-06,NA,NA,NA,NA,NA,NA,NA,0.003072338,esophageal cancer,bbj-a-117,rs10804111,2,202145612,0.80134718,0.129874655,6.62E-10,T,C,0.94828979
"CASP8_T cell, CD4, TFH",CASP8,"T cell, CD4, TFH","T cell, CD4, TFH.txt",Wald_ratio,1,-0.170823927,0.036340757,NA,NA,2.59E-06,NA,NA,NA,NA,NA,NA,NA,0.003072338,esophageal cancer,bbj-a-117,rs10804111,2,202145612,1.147579284,0.0001,1.51E-24,T,C,0.9232859
"CASP8_T cell, CD4, TH17",CASP8,"T cell, CD4, TH17","T cell, CD4, TH17.txt",Wald_ratio,1,-0.17589653,0.037419893,NA,NA,2.59E-06,NA,NA,NA,NA,NA,NA,NA,0.003072338,esophageal cancer,bbj-a-117,rs10804111,2,202145612,1.114484746,0.0001,1.41E-22,T,C,0.912266514
"CASP8_T cell, CD4, naive",CASP8,"T cell, CD4, naive","T cell, CD4, naive.txt",Wald_ratio,1,-0.176502586,0.037548824,NA,NA,2.59E-06,NA,NA,NA,NA,NA,NA,NA,0.003072338,esophageal cancer,bbj-a-117,rs10804111,2,202145612,1.110657948,0.00001,1.22E-22,T,C,0.91734096
"CASP8_T cell, CD4, memory TREG",CASP8,"T cell, CD4, memory TREG","T cell, CD4, memory TREG.txt",Wald_ratio,1,-0.170027447,0.036171315,NA,NA,2.59E-06,NA,NA,NA,NA,NA,NA,NA,0.003072338,esophageal cancer,bbj-a-117,rs10804111,2,202145612,1.152955027,0.0001,2.34E-25,T,C,0.923296466
"CASP8_Monocyte, non-classical",CASP8,"Monocyte, non-classical","Monocyte, non-classical.txt",Wald_ratio,1,-0.174100309,0.036717603,NA,NA,2.12E-06,NA,NA,NA,NA,NA,NA,NA,0.003072338,esophageal cancer,bbj-a-117,rs10804112,2,202184165,1.141003146,0.0001,2.67E-24,T,C,0.92297029
"CASP8_NK cell, CD56dim CD16+",CASP8,"NK cell, CD56dim CD16+","NK cell, CD56dim CD16+.txt",Wald_ratio,1,-0.184879834,0.038990995,NA,NA,2.12E-06,NA,NA,NA,NA,NA,NA,NA,0.003072338,esophageal cancer,bbj-a-117,rs10804112,2,202184165,1.074476302,0.0001,6.26E-20,T,C,0.923287661
"CASP8_T cell, CD4, TH1",CASP8,"T cell, CD4, TH1","T cell, CD4, TH1.txt",Wald_ratio,1,-0.181881437,0.038429225,NA,NA,2.21E-06,NA,NA,NA,NA,NA,NA,NA,0.003072338,esophageal cancer,bbj-a-117,rs13029511,2,202161033,1.081523233,0.0001,3.66E-20,C,T,0.923277095
"CASP8_T cell, CD8, naive",CASP8,"T cell, CD8, naive","T cell, CD8, naive.txt",Wald_ratio,1,-0.177378781,0.037477871,NA,NA,2.21E-06,NA,NA,NA,NA,NA,NA,NA,0.003072338,esophageal cancer,bbj-a-117,rs13029511,2,202161033,1.108977067,0.00001,1.53E-21,C,T,0.912235195
"ADH5_Monocyte, non-classical",ADH5,"Monocyte, non-classical","Monocyte, non-classical.txt",Wald_ratio,1,0.282351424,0.055699895,NA,NA,4.00E-07,NA,NA,NA,NA,NA,NA,NA,0.003072338,esophageal cancer,bbj-a-117,rs6858148,4,100065917,0.978596092,0.119302361,1.68E-16,C,T,0.433958861
"RPH3A_Monocyte, non-classical",RPH3A,"Monocyte, non-classical","Monocyte, non-classical.txt",Wald_ratio,1,-0.177556232,0.039921101,NA,NA,8.68E-06,NA,NA,NA,NA,NA,NA,NA,0.009227985,esophageal cancer,bbj-a-117,rs2189587,12,113324279,1.005996792,0.0001,4.32E-17,A,G,0.890018302
"RPH3A_Monocyte, classical",RPH3A,"Monocyte, classical","Monocyte, classical.txt",Wald_ratio,1,-0.156888087,0.035317499,NA,NA,8.90E-06,NA,NA,NA,NA,NA,NA,NA,0.009227985,esophageal cancer,bbj-a-117,rs7979186,12,113325460,1.132673638,0.0001,1.12E-25,C,T,0.890009814
"C16orf3_T cell, CD8, naive activated",C16orf3,"T cell, CD8, naive activated","T cell, CD8, naive activated.txt",Wald_ratio,1,-0.001210064,0.000210417,NA,NA,8.88E-09,NA,NA,NA,NA,NA,NA,NA,0.000158846,skin cancer,ukb-d-C43,rs4785767,16,90106525,-0.809834039,0.137982129,4.27E-09,C,T,0.001277557
"CDK10_T cell, CD4, TFH",CDK10,"T cell, CD4, TFH","T cell, CD4, TFH.txt",Wald_ratio,1,-0.001006535,0.000192789,NA,NA,1.78E-07,NA,NA,NA,NA,NA,NA,NA,0.001591861,skin cancer,ukb-d-C43,rs12924138,16,89754444,-0.850925105,0.127969494,2.84E-11,T,G,0.00074371
"SPG7_Monocyte, classical",SPG7,"Monocyte, classical","Monocyte, classical.txt",Wald_ratio,1,-0.000950903,0.000202312,NA,NA,2.60E-06,NA,NA,NA,NA,NA,NA,NA,0.01162089,skin cancer,ukb-d-C43,rs12928752,16,89608342,-0.824091586,0.145832319,1.56E-08,C,T,0.666168823
"RP1-168P16.2_Monocyte, classical",RP1-168P16.2,"Monocyte, classical","Monocyte, classical.txt",Wald_ratio,1,-0.000958162,0.000201729,NA,NA,2.04E-06,NA,NA,NA,NA,NA,NA,NA,0.01162089,skin cancer,ukb-d-C43,rs55684421,16,89595012,0.838511359,0.148115379,1.47E-08,A,T,0.666168823
"MX2_NK cell, CD56dim CD16+",MX2,"NK cell, CD56dim CD16+","NK cell, CD56dim CD16+.txt",Wald_ratio,1,-0.00080745,0.00018186,NA,NA,9.00E-06,NA,NA,NA,NA,NA,NA,NA,0.022986642,skin cancer,ukb-d-C43,rs416981,21,42745414,-0.923378858,0.130973843,1.72E-12,A,G,0.61526927
"MX2_B cell, naive",MX2,"B cell, naive",B_CELL_NAIVE.txt,Wald_ratio,1,-0.000914953,0.000206073,NA,NA,9.00E-06,NA,NA,NA,NA,NA,NA,NA,0.022986642,skin cancer,ukb-d-C43,rs416981,21,42745414,-0.814885641,0.133244746,9.34E-10,A,G,0.573535103
"MX2_T cell, CD4, memory TREG",MX2,"T cell, CD4, memory TREG","T cell, CD4, memory TREG.txt",Wald_ratio,1,-0.000933202,0.000210183,NA,NA,9.00E-06,NA,NA,NA,NA,NA,NA,NA,0.022986642,skin cancer,ukb-d-C43,rs416981,21,42745414,-0.798950123,0.137576443,6.19E-09,A,G,0.506442073
"GSTM5_T cell, CD4, naive",GSTM5,"T cell, CD4, naive","T cell, CD4, naive.txt",Wald_ratio,1,-0.000545431,9.36E-05,NA,NA,5.68E-09,NA,NA,NA,NA,NA,NA,NA,4.76E-05,bladder cancer,ukb-b-8193,rs36209093,1,110229787,-1.28528764,0.182776257,2.03E-12,T,C,5.11E-05
"LYNX1_T cell, CD4, naive TREG",LYNX1,"T cell, CD4, naive TREG","T cell, CD4, naive TREG.txt",Wald_ratio,1,-0.000379675,8.67E-05,NA,NA,1.19E-05,NA,NA,NA,NA,NA,NA,NA,0.049824151,bladder cancer,ukb-b-8193,rs112752952,8,143858846,1.190606232,0.145127223,3.17E-16,T,G,0.344556267